"","date","max.daily.sal","min.daily.sal","daily.med.sal","daily.sal.range","max.daily.wt","min.daily.wt","daily.med.wt","daily.wt.range"
"1",2017-01-01,29.879,25.9285,28.43825,3.9505,11,10.57,10.78,0.43
"2",2017-01-02,30.469,25.305,29.147,5.164,11.015,10.47,10.7775,0.545
"3",2017-01-03,30.327,25.5925,29.401,4.7345,10.945,10.435,10.79,0.51
"4",2017-01-04,31.5785,27.1865,29.799,4.392,11.07,10.69,10.9,0.380000000000001
"5",2017-01-05,30.4145,23.2905,27.061,7.124,10.97,10.365,10.76,0.605
"6",2017-01-06,30.5785,21.905,27.551,8.6735,10.94,9.91,10.765,1.03
"7",2017-01-07,30.671,23.182,27.07225,7.489,11.035,9.93,10.625,1.105
"8",2017-01-08,31.049,26.4195,28.969,4.6295,11.23,10.625,10.785,0.605
"9",2017-01-09,31.2445,27.0625,29.75,4.182,11.57,10.84,11.135,0.73
"10",2017-01-10,30.6975,23.9195,29.149,6.778,11.54,10.8,11.26,0.739999999999998
"11",2017-01-11,30.167,24.4625,28.458,5.7045,11.735,11.03,11.365,0.705
"12",2017-01-12,29.1155,16.919,25.535,12.1965,11.725,10.61,11.265,1.115
"13",2017-01-13,28.309,14.1665,23.1875,14.1425,11.63,10.365,11.115,1.265
"14",2017-01-14,28.119,13.9455,22.757,14.1735,11.64,10.425,11.11,1.215
"15",2017-01-15,27.101,12.2425,20.426,14.8585,11.55,10.43,10.96,1.12
"16",2017-01-16,23.259,11.939,17.98,11.32,11.31,10.465,10.725,0.845000000000001
"17",2017-01-17,22.6,11.792,17.3295,10.808,11.365,10.285,10.54,1.08
"18",2017-01-18,25.792,11.893,15.15975,13.899,11.33,10.28,10.515,1.05
"19",2017-01-20,16.126,14.197,15.1615,1.929,NA,NA,NA,NA
"20",2017-01-21,21.6185,10.837,14.38975,10.7815,11.02,10.05,10.425,0.969999999999999
"21",2017-01-22,22.8185,11.24,14.357,11.5785,11.11,10.19,10.425,0.92
"22",2017-01-23,18.8115,5.4095,15.119,13.402,10.815,9.42,10.5025,1.395
"23",2017-01-24,19.538,9.2445,14.0225,10.2935,10.81,9.73,10.325,1.08
"24",2017-01-25,23.8485,8.379,16.24375,15.4695,11.25,9.59,10.655,1.66
"25",2017-01-26,23.741,10.7365,17.7095,13.0045,11.31,10.02,10.8275,1.29
"26",2017-01-27,25.1805,12.5165,19.988,12.664,11.48,10.12,10.935,1.36
"27",2017-01-28,24.9745,13.4835,19.1145,11.491,11.54,10.365,10.9325,1.175
"28",2017-01-29,24.7415,13.764,20.853,10.9775,11.555,10.54,10.9825,1.015
"29",2017-01-30,23.356,15.419,20.5335,7.937,11.55,10.63,11.275,0.92
"30",2017-01-31,25.813,15.832,20.809,9.981,11.64,10.98,11.44,0.66
"31",2017-02-01,26.863,16.209,21.46425,10.654,11.72,10.92,11.3925,0.800000000000001
"32",2017-02-02,26.3945,16.0445,21.45325,10.35,11.66,10.84,11.37,0.82
"33",2017-02-03,26.6565,15.4625,23.047,11.194,11.79,10.99,11.625,0.799999999999999
"34",2017-02-04,27.4795,16.19,23.07575,11.2895,11.98,11.315,11.69,0.665000000000001
"35",2017-02-05,27.0635,14.013,21.3005,13.0505,12.03,11.19,11.6975,0.84
"36",2017-02-06,29.2795,17.9145,25.5985,11.365,12.24,11.6,11.9925,0.640000000000001
"37",2017-02-07,30.775,19.26,25.5935,11.515,12.51,11.885,12.075,0.625
"38",2017-02-08,29.264,16.288,24.239,12.976,12.63,12.03,12.2625,0.600000000000001
"39",2017-02-09,29.8835,13.917,24.41,15.9665,12.78,12.145,12.4,0.635
"40",2017-02-10,27.866,11.516,22.42525,16.35,12.825,12.145,12.4825,0.68
"41",2017-02-11,24.811,10.994,19.76425,13.817,12.81,12.035,12.545,0.775
"42",2017-02-12,23.528,9.558,17.8655,13.97,12.855,12.15,12.57,0.705
"43",2017-02-13,20.789,8.33,14.70525,12.459,12.755,12.105,12.475,0.65
"44",2017-02-14,21,7.841,12.717,13.159,12.92,12.02,12.375,0.9
"45",2017-02-15,19.302,7.229,10.6115,12.073,12.735,12.025,12.35,0.709999999999999
"46",2017-02-16,21.675,4.977,11.1165,16.698,12.68,12.1,12.405,0.58
"47",2017-02-17,17.652,5.086,8.96175,12.566,12.645,12.02,12.34,0.625
"48",2017-02-18,12.12,4.307,7.216,7.813,12.4,11.82,12.17,0.58
"49",2017-02-19,10.165,4.714,7.982,5.451,12.29,11.59,12.09,0.699999999999999
"50",2017-02-20,13.024,5.135,6.9915,7.889,12.14,11.67,11.875,0.470000000000001
"51",2017-02-21,14.1935,4.6735,7.80025,9.52,12.25,11.745,11.825,0.505000000000001
"52",2017-02-22,13.812,3.6185,5.523,10.1935,12.17,11.29,11.775,0.880000000000001
"53",2017-02-23,16.346,5.707,7.5585,10.639,12.13,11.08,11.8075,1.05
"54",2017-02-24,18.8785,6.94,10.779,11.9385,12.255,11.125,11.82,1.13
"55",2017-02-25,21.6075,8.2945,9.15375,13.313,12.26,11.71,11.76,0.549999999999999
"56",2017-02-26,22.5065,8.828,16.65525,13.6785,12.335,11.22,11.8975,1.115
"57",2017-02-27,23.09,9.396,15.49,13.694,12.44,11.32,12,1.12
"58",2017-02-28,23.162,9.6185,13.16225,13.5435,12.375,11.335,11.855,1.04
"59",2017-03-01,21.9905,10.089,15.84625,11.9015,12.315,11.435,11.78,0.879999999999999
"60",2017-03-02,21.754,8.979,15.109,12.775,12.37,11.42,11.7875,0.949999999999999
"61",2017-03-03,23.565,9.3365,17.4245,14.2285,12.42,11.66,11.9475,0.76
"62",2017-03-04,24.122,10.0495,16.23025,14.0725,12.27,11.615,12.005,0.654999999999999
"63",2017-03-05,26.084,11.3785,17.01225,14.7055,12.295,11.745,11.95,0.550000000000001
"64",2017-03-06,21.182,9.9235,15.446,11.2585,12.155,11.375,11.95,0.779999999999999
"65",2017-03-07,20.92,9.653,16.8805,11.267,12.11,11.43,11.9475,0.68
"66",2017-03-08,25.1225,10.789,18.713,14.3335,12.64,11.645,12.0925,0.995000000000001
"67",2017-03-09,26.8235,15.148,21.6195,11.6755,12.965,12.15,12.2625,0.815
"68",2017-03-10,26.6895,16.499,22.5775,10.1905,12.675,12.275,12.42,0.4
"69",2017-03-11,28.177,15.6105,24.464,12.5665,13.07,12.295,12.44,0.775
"70",2017-03-12,27.8875,17.146,25.914,10.7415,12.975,12.43,12.53,0.545
"71",2017-03-13,27.25,18.188,25.742,9.062,13.02,12.47,12.6625,0.549999999999999
"72",2017-03-14,28.2875,17.089,26.21375,11.1985,13.66,12.44,12.6525,1.22
"73",2017-03-15,28.513,17.856,24.3605,10.657,13.725,12.35,12.9,1.375
"74",2017-03-16,27.249,15.616,23.512,11.633,13.9,12.565,13.07,1.335
"75",2017-03-17,25.026,13.9475,20.52,11.0785,14.43,12.91,13.385,1.52
"76",2017-03-18,25.41,13.444,20.251,11.966,14.3,12.93,13.575,1.37
"77",2017-03-19,21.6885,14.0645,16.729,7.624,14.62,13.39,13.905,1.23
"78",2017-03-20,22.276,16.568,18.9725,5.708,14.06,13.24,13.675,0.82
"79",2017-03-21,22.7945,14.7215,19.8925,8.073,15,13.18,13.59,1.82
"80",2017-03-22,25.126,13.3555,17.2665,11.7705,14.815,12.97,13.9075,1.845
"81",2017-03-23,25.421,13.2925,18.248,12.1285,14.79,13.245,13.6975,1.545
"82",2017-03-24,27.9205,15.743,21.9765,12.1775,14.29,13.09,13.42,1.2
"83",2017-03-25,27.5825,15.3455,24.26625,12.237,14.43,13.09,13.39,1.34
"84",2017-03-26,28.1525,16.239,26.578,11.9135,14.51,13.135,13.24,1.375
"85",2017-03-27,28.069,19.438,24.90325,8.631,14.09,13.11,13.4425,0.98
"86",2017-03-28,27.317,17.591,24.7885,9.726,14.155,13.13,13.415,1.025
"87",2017-03-29,28.2375,17.063,26.012,11.1745,14.19,12.935,13.265,1.255
"88",2017-03-30,29.305,17.318,24.953,11.987,14.25,12.76,13.64,1.49
"89",2017-03-31,27.678,16.2785,22.931,11.3995,14.225,12.77,13.715,1.455
"90",2017-04-01,29.417,16.1345,23.744,13.2825,14.19,11.87,13.03,2.32
"91",2017-04-02,30.078,17.157,23.036,12.921,14.105,11.58,12.91,2.525
"92",2017-04-03,28.1315,17.339,23.9495,10.7925,14.37,11.895,12.78,2.475
"93",2017-04-04,19.4085,17.14,17.53475,2.2685,14.52,13.87,14.195,0.65
"94",2017-04-05,29.4045,17.35,25.3945,12.0545,14.35,11.435,12.295,2.915
"95",2017-04-06,29.7085,18.843,27.362,10.8655,13.97,11.3,11.8475,2.67
"96",2017-04-07,29.443,20.1485,27.593,9.2945,13.57,11.31,11.9125,2.26
"97",2017-04-08,28.718,20.954,26.553,7.764,13.305,11.74,12.1675,1.565
"98",2017-04-09,28.976,20.035,26.782,8.941,13.38,11.74,12.085,1.64
"99",2017-04-10,29.4485,21.3495,26.975,8.099,13.085,11.75,12.47,1.335
"100",2017-04-11,28.8955,20.009,26.703,8.8865,13.575,11.97,12.37,1.605
"101",2017-04-12,28.735,21.309,26.5955,7.426,13.31,11.91,12.395,1.4
"102",2017-04-13,28.8915,21.471,26.3515,7.4205,13.415,12.15,12.5775,1.265
"103",2017-04-14,27.7895,17.89,22.9465,9.8995,13.825,12.525,13.21,1.3
"104",2017-04-15,27.651,16.002,22.19,11.649,14.06,12.6,13.31,1.46
"105",2017-04-16,26.5225,14.385,22.3975,12.1375,14.185,12.625,13.575,1.56
"106",2017-04-17,24.951,15.0835,19.853,9.8675,14.045,12.83,13.315,1.215
"107",2017-04-18,24.071,13.7165,17.537,10.3545,14.09,12.875,13.615,1.215
"108",2017-04-19,25.3705,12.5185,16.8735,12.852,14.68,12.76,13.69,1.92
"109",2017-04-20,25.933,12.5175,17.7705,13.4155,15.24,12.91,13.87,2.33
"110",2017-04-21,25.5735,13.56,20.07625,12.0135,14.535,13.015,13.865,1.52
"111",2017-04-22,29.438,16.052,21.7395,13.386,14.965,12.215,13.59,2.75
"112",2017-04-23,28.1925,14.974,23.286,13.2185,15.16,12.44,13.89,2.72
"113",2017-04-24,28.7365,17.223,26.7945,11.5135,15.035,12.345,12.9275,2.69
"114",2017-04-25,29.3745,18.524,26.1985,10.8505,14.405,12.04,12.895,2.365
"115",2017-04-26,29.262,18.277,26.187,10.985,14.49,12.125,12.86,2.365
"116",2017-04-27,28.691,18.7525,25.188,9.9385,14.29,12.1,13.125,2.19
"117",2017-04-28,29.5775,18.493,25.53575,11.0845,14.48,11.755,12.8325,2.725
"118",2017-04-29,29.5745,16.6065,25.5655,12.968,14.93,11.455,12.8425,3.475
"119",2017-04-30,29.8105,16.9175,26.389,12.893,15.215,11.335,12.33,3.88
"120",2017-05-01,28.936,16.897,24.615,12.039,15.255,11.56,12.695,3.695
"121",2017-05-02,28.9155,16.1185,23.713,12.797,15.88,11.675,13.06,4.205
"122",2017-05-03,28.995,16.574,24.29325,12.421,16.12,11.515,12.965,4.605
"123",2017-05-04,30.5715,17.177,24.829,13.3945,16.035,10.91,12.99,5.125
"124",2017-05-05,29.82,17.02,24.09075,12.8,16.005,11.24,13.3975,4.765
"125",2017-05-06,29.574,17.171,24.189,12.403,16.11,11.59,13.555,4.52
"126",2017-05-07,29.594,18.668,26.5485,10.926,15.44,11.445,12.94,3.995
"127",2017-05-08,30.9395,19.5535,28.631,11.386,15.29,10.835,11.7225,4.455
"128",2017-05-09,30.6055,22.2065,28.522,8.399,14.26,11.105,12.0125,3.155
"129",2017-05-10,30.734,22.8505,27.769,7.8835,14.18,11.16,12.305,3.02
"130",2017-05-11,30.5205,22.1325,26.659,8.388,14.485,11.495,13.0475,2.99
"131",2017-05-12,30.0965,21.632,27.6065,8.4645,14.68,11.65,12.985,3.03
"132",2017-05-13,29.995,22.0505,26.36775,7.9445,14.775,11.61,12.7975,3.165
"133",2017-05-14,30.7745,22.3435,25.9735,8.431,14.64,11.07,13.205,3.57
"134",2017-05-15,29.655,19.442,27.135,10.213,14.91,11.29,12.56,3.62
"135",2017-05-16,30.436,20.883,25.8225,9.553,14.375,11,13.02,3.375
"136",2017-05-17,29.7825,20.07,26.17475,9.7125,14.83,11.11,12.51,3.72
"137",2017-05-18,30.296,18.753,24.28,11.543,15.455,10.84,13.135,4.615
"138",2017-05-19,31.0855,18.091,22.35875,12.9945,15.95,10.475,13.47,5.475
"139",2017-05-20,31.185,19.938,25.8735,11.247,15.73,10.43,12.74,5.3
"140",2017-05-21,31.5015,21.288,25.76275,10.2135,15.36,10.355,12.8875,5.005
"141",2017-05-22,31.211,21.3455,28.28375,9.8655,15.36,10.755,12.3275,4.605
"142",2017-05-23,30.6795,24.358,28.744,6.3215,14.005,11.13,12.455,2.875
"143",2017-05-24,30.579,24.477,29.558,6.102,13.98,11.435,11.8675,2.545
"144",2017-05-25,30.464,25.384,29.7605,5.08,13.815,11.585,12.5425,2.23
"145",2017-05-26,30.423,25.348,29.41,5.075,14.14,12.41,12.83,1.73
"146",2017-05-27,30.7025,24.8305,28.912,5.872,14.455,12.6,13.145,1.855
"147",2017-05-28,30.517,24.4745,28.288,6.0425,14.71,12.82,13.51,1.89
"148",2017-05-29,30.329,23.4815,28.37275,6.8475,15.125,12.66,13.3775,2.465
"149",2017-05-30,30.387,23.935,28.1635,6.452,15.185,12.395,13.35,2.79
"150",2017-05-31,30.708,24.068,28.60975,6.64,15.59,11.935,13.05,3.655
"151",2017-06-01,30.185,21.808,27.861,8.377,16.07,12.33,13.315,3.74
"152",2017-06-02,30.288,21.44,27.3,8.848,16.38,12.26,13.785,4.12
"153",2017-06-03,30.5045,23.847,28.96025,6.6575,15,12.045,13.1925,2.955
"154",2017-06-04,30.898,23.717,27.597,7.181,14.785,11.66,13.8675,3.125
"155",2017-06-05,30.5425,24.246,28.9555,6.2965,15.16,11.775,12.735,3.385
"156",2017-06-06,31.094,25.6065,29.483,5.4875,14.51,11.52,12.62,2.99
"157",2017-06-07,30.9525,25.5725,29.09575,5.38,14.44,11.575,12.77,2.865
"158",2017-06-08,30.765,24.865,29.209,5.9,14.905,11.67,12.685,3.235
"159",2017-06-09,30.604,24.2055,28.498,6.3985,14.925,11.92,13.05,3.005
"160",2017-06-10,30.539,24.6025,28.4855,5.9365,14.955,12.2,13.2025,2.755
"161",2017-06-11,30.146,24.959,28.605,5.187,14.955,12.38,13.3675,2.575
"162",2017-06-12,30.294,24.5135,28.662,5.7805,15.205,12.28,13.22,2.925
"163",2017-06-13,31.1415,24.857,29.315,6.2845,15.3,11.82,13.0775,3.48
"164",2017-06-14,31.3655,24.2565,29.1925,7.109,15.55,11.715,12.755,3.835
"165",2017-06-15,32.025,23.967,28.93325,8.058,15.88,11.19,12.965,4.69
"166",2017-06-16,31.322,23.6325,27.11575,7.6895,16.34,11.52,13.835,4.82
"167",2017-06-17,31.67,23.446,26.993,8.224,16.87,11.5,14.035,5.37
"168",2017-06-18,31.458,24.1765,27.632,7.2815,17.25,11.62,14.18,5.63
"169",2017-06-19,31.5705,26.878,29.9035,4.6925,15.04,11.46,12.965,3.58
"170",2017-06-20,31.5625,27.1815,30.32,4.381,14.64,11.76,12.7175,2.88
"171",2017-06-21,31.421,26.877,30.5005,4.544,15.165,12.32,12.9075,2.845
"172",2017-06-22,31.51,27.573,30.80575,3.937,14.97,12.42,13.325,2.55
"173",2017-06-23,31.662,27.552,30.52375,4.11,15.375,12.68,13.6625,2.695
"174",2017-06-24,31.4325,27.72,30.271,3.7125,15.715,13.38,14.01,2.335
"175",2017-06-25,31.3015,28.0995,30.3525,3.202,15.78,13.83,14.265,1.95
"176",2017-06-26,31.274,28.3325,30.1325,2.9415,16.045,13.995,14.625,2.05
"177",2017-06-27,31.1745,28.3785,30.562,2.796,16.3,14.26,14.84,2.04
"178",2017-06-28,31.2795,28.454,30.79175,2.8255,16.27,14.265,14.81,2.005
"179",2017-06-29,31.459,28.422,31.1695,3.037,16.41,14.075,14.2875,2.335
"180",2017-06-30,31.407,27.537,30.895,3.87,16.72,14.08,14.35,2.64
"181",2017-07-01,31.8445,27.654,30.969,4.1905,16.665,13.49,14.155,3.175
"182",2017-07-02,31.9515,29.0615,31.2105,2.89,15.955,13.155,13.755,2.8
"183",2017-07-03,31.8495,28.89,30.8075,2.9595,15.505,13.12,13.9625,2.385
"184",2017-07-04,32.045,28.4535,30.637,3.5915,15.71,13.35,14.1675,2.36
"185",2017-07-05,31.5005,28.323,30.3485,3.1775,15.85,13.63,14.36,2.22
"186",2017-07-06,31.68,27.945,30.8015,3.735,16.155,13.52,14.4025,2.635
"187",2017-07-07,31.545,27.9745,30.6605,3.5705,16.29,13.41,14.35,2.88
"188",2017-07-08,31.712,27.998,30.732,3.714,16.5,13.085,14.29,3.415
"189",2017-07-09,31.818,28.137,30.93575,3.681,16.355,12.9,14.2725,3.455
"190",2017-07-10,31.8195,28.234,30.855,3.5855,16.36,12.765,14.125,3.595
"191",2017-07-11,31.688,28.628,30.7895,3.06,16.16,12.955,14.02,3.205
"192",2017-07-12,31.7965,29.147,31.012,2.6495,15.91,13.07,13.8,2.84
"193",2017-07-13,31.8975,29.3125,31.03925,2.585,15.73,13.165,13.965,2.565
"194",2017-07-14,31.9355,28.688,31.343,3.2475,16.04,13.49,13.9475,2.55
"195",2017-07-15,31.803,28.656,30.591,3.147,16.575,13.79,14.545,2.785
"196",2017-07-16,30.975,29.414,30.306,1.561,16.18,13.955,15,2.225
"197",2017-07-17,31.6,30.755,30.755,0.845000000000002,15.19,14.325,15.1525,0.865
"198",2017-07-18,31.517,29.749,30.392,1.768,15.555,14.16,15.35,1.395
"199",2017-07-19,31.412,29.2885,30.906,2.1235,16.1,14.31,14.74,1.79
"200",2017-07-20,30.999,29.292,30.6745,1.707,16.03,14.57,14.925,1.46
"201",2017-07-21,30.96,29.4245,30.591,1.5355,16.025,14.885,15.05,1.14
"202",2017-07-22,30.611,29.5725,30.611,1.0385,16.11,15.01,15.01,1.1
"203",2017-07-23,31.009,29.721,30.621,1.288,16.08,14.505,15.07,1.575
"204",2017-07-24,31.816,29.562,30.78,2.254,16.475,13.7,15.07,2.775
"205",2017-07-25,31.791,29.8605,30.858,1.9305,16.415,14.14,14.625,2.275
"206",2017-07-26,31.522,30.076,30.138,1.446,16.23,14.77,16.2,1.46
"207",2017-08-03,31.527,30.8535,31.172,0.673500000000001,16.65,15.935,16.2725,0.714999999999998
"208",2017-08-04,32.01,30.2005,31.36875,1.8095,17.045,15.34,15.995,1.705
"209",2017-08-05,31.899,30.211,31.369,1.688,16.98,15.29,16.045,1.69
"210",2017-08-06,31.8405,30.2475,31.361,1.593,17.06,15.34,16.01,1.72
"211",2017-08-07,31.795,30.158,31.3165,1.637,17.235,15.46,16.1325,1.775
"212",2017-08-08,31.773,30.198,31.236,1.575,17.27,15.58,16.3,1.69
"213",2017-08-09,31.7265,30.4215,31.2625,1.305,17.09,15.645,16.255,1.445
"214",2017-08-10,31.67,30.3785,31.2605,1.2915,17.125,15.66,16.27,1.465
"215",2017-08-11,31.06,31.06,31.06,0,16.42,16.4,16.41,0.0200000000000031
"216",2017-08-12,31.6485,30.561,31.32075,1.0875,16.99,15.63,16.1775,1.36
"217",2017-08-13,31.644,30.974,31.433,0.669999999999998,16.83,15.59,15.8825,1.24
"218",2017-08-14,31.8315,30.857,31.553,0.974499999999999,16.56,15.49,15.735,1.07
"219",2017-08-15,31.8025,30.6555,31.40825,1.147,16.54,15.405,15.8125,1.135
"220",2017-08-16,31.7425,30.358,31.314,1.3845,16.905,15.41,16.0175,1.495
"221",2017-08-17,31.812,30.368,31.32,1.444,16.91,15.37,16.09,1.54
"222",2017-08-18,31.6785,30.2405,31.20825,1.438,17.095,15.61,16.26,1.485
"223",2017-08-19,31.64,30.1995,31.16025,1.4405,17.13,15.66,16.33,1.47
"224",2017-08-20,31.639,30.3115,31.20025,1.3275,17.055,15.655,16.38,1.4
"225",2017-08-21,31.585,30.963,31.55075,0.622,16.6,16,16.2575,0.600000000000001
"226",2017-08-22,31.222,31.222,31.222,0,16.58,16.58,16.58,0
"227",2017-08-23,30.406,30.406,30.406,0,17.42,17.42,17.42,0
"228",2017-08-24,31.154,31.154,31.154,0,16.79,16.79,16.79,0
"229",2017-08-25,31.3915,30.575,31.232,0.816500000000001,17.34,16.42,16.7,0.919999999999998
"230",2017-08-26,31.424,30.637,31.255,0.786999999999999,17.515,16.34,16.65,1.175
"231",2017-08-27,31.582,30.519,31.337,1.063,17.53,16.25,16.49,1.28
"232",2017-08-28,31.6985,30.2325,31.294,1.466,17.4,16.045,16.495,1.355
"233",2017-08-29,30.848,30.631,30.74,0.216999999999999,17.235,16.95,17.085,0.285
"234",2017-08-30,31.497,31.497,31.497,0,16.04,16.04,16.04,0
"235",2017-09-05,30.952,30.952,30.952,0,16.73,16.6,16.665,0.129999999999999
"236",2017-09-06,31.3025,29.82,30.948,1.4825,17.94,16.46,16.8575,1.48
"237",2017-09-07,31.258,30.064,30.95225,1.194,17.85,16.79,17.07,1.06
"238",2017-09-08,31.067,30.113,30.9105,0.954000000000001,17.91,17.1,17.3025,0.809999999999999
"239",2017-09-09,31.069,30.083,30.944,0.986000000000001,17.995,17.18,17.405,0.815000000000001
"240",2017-09-10,31.148,30.017,30.92025,1.131,18.24,17.25,17.435,0.989999999999998
"241",2017-09-11,31.272,29.846,30.9285,1.426,18.365,17.26,17.485,1.105
"242",2017-09-12,31.442,29.867,30.88,1.575,18.38,17.14,17.55,1.24
"243",2017-09-13,31.419,29.9955,31.0305,1.4235,18.43,17.27,17.61,1.16
"244",2017-09-14,31.511,29.896,30.9795,1.615,18.52,17.3,17.7275,1.22
"245",2017-09-15,31.369,29.726,30.793,1.643,18.505,17.41,18.02,1.095
"246",2017-09-16,31.4805,29.659,30.719,1.8215,18.6,17.27,17.955,1.33
"247",2017-09-17,31.245,29.731,30.752,1.514,18.46,17.34,17.91,1.12
"248",2017-09-18,31.09,29.755,30.775,1.335,18.515,17.41,17.88,1.105
"249",2017-09-19,30.734,30.484,30.642,0.25,18.02,17.75,17.945,0.27
"250",2017-09-20,31.15,30.139,30.54275,1.011,18.32,16.835,17.52,1.485
"251",2017-09-21,31.0535,29.783,30.8915,1.2705,17.96,16.47,17.1525,1.49
"252",2017-09-22,31.149,29.926,30.876,1.223,17.71,16.215,16.7325,1.495
"253",2017-09-23,31.123,30.26,30.87425,0.863,17.365,16.17,16.455,1.195
"254",2017-09-24,31.438,26.9115,31.03375,4.5265,17.355,16.01,16.2325,1.345
"255",2017-09-25,31.61,29.568,30.7685,2.042,17.335,15.72,16.3725,1.615
"256",2017-09-26,31.455,29.1495,30.642,2.3055,17.45,15.69,16.5025,1.76
"257",2017-09-27,31.6645,27.704,30.696,3.9605,18.29,15.415,16.19,2.875
"258",2017-09-28,31.8075,26.9305,30.41825,4.877,18.465,15.055,16.515,3.41
"259",2017-09-29,31.5815,26.836,30.279,4.7455,18.335,15.18,16.38,3.155
"260",2017-09-30,31.5455,27.321,30.891,4.2245,17.99,15.03,15.81,2.96
"261",2017-10-01,31.7785,27.888,31.1825,3.8905,17.59,14.66,15.275,2.93
"262",2017-10-02,31.83,28.864,31.393,2.966,17.04,14.46,14.97,2.58
"263",2017-10-03,31.619,29.581,31.3315,2.038,16.35,14.275,14.83,2.075
"264",2017-10-04,31.719,29.576,31.115,2.143,16.12,14.01,14.96,2.11
"265",2017-10-05,31.2035,29.906,31.057,1.2975,15.735,14.52,14.955,1.215
"266",2017-10-06,31.144,29.8925,30.974,1.2515,15.83,14.64,14.905,1.19
"267",2017-10-07,31.189,29.748,30.92,1.441,15.895,14.66,14.91,1.235
"268",2017-10-08,31.367,29.9315,30.84175,1.4355,15.82,14.37,14.85,1.45
"269",2017-10-09,31.5505,29.776,30.772,1.7745,16.02,14.145,14.7875,1.875
"270",2017-10-10,31.6365,29.8475,30.927,1.789,15.845,13.905,14.64,1.94
"271",2017-10-11,31.5535,30.037,30.96925,1.5165,15.65,14,14.57,1.65
"272",2017-10-12,31.5005,29.9325,30.9175,1.568,15.57,13.92,14.44,1.65
"273",2017-10-13,31.888,29.799,31.016,2.089,15.42,13.24,14.05,2.18
"274",2017-10-14,31.81,29.512,31.42675,2.298,15.28,13.18,14.14,2.1
"275",2017-10-15,31.6895,29.851,31.207,1.8385,14.99,13.17,13.925,1.82
"276",2017-10-16,31.6205,29.7005,31.15475,1.92,14.93,13.215,13.845,1.715
"277",2017-10-17,31.3085,29.694,31.1295,1.6145,14.81,13.46,13.87,1.35
"278",2017-10-18,31.135,30.229,31.0325,0.906000000000002,14.36,13.685,13.845,0.674999999999999
"279",2017-10-19,31.2845,30.2025,31.0015,1.082,14.39,13.58,13.81,0.81
"280",2017-10-20,31.2865,30.254,30.98425,1.0325,14.43,13.62,13.7475,0.81
"281",2017-10-21,31.3285,30.0885,30.918,1.24,14.46,13.525,13.735,0.935
"282",2017-10-22,31.2995,29.959,30.81225,1.3405,14.55,13.59,13.86,0.960000000000001
"283",2017-10-23,31.403,29.782,30.712,1.621,14.72,13.47,13.965,1.25
"284",2017-10-24,31.454,29.727,30.6235,1.727,14.835,13.42,14.08,1.415
"285",2017-10-25,31.457,29.249,30.661,2.208,15.09,13.42,14.05,1.67
"286",2017-10-26,31.514,28.6165,30.741,2.8975,15.375,13.395,13.9875,1.98
"287",2017-10-27,31.574,28.5365,30.71675,3.0375,15.49,13.24,14.04,2.25
"288",2017-10-28,31.5985,28.4585,30.9655,3.14,15.405,13.16,13.82,2.245
"289",2017-10-29,31.6,28.7015,30.973,2.8985,15.13,13.09,13.62,2.04
"290",2017-10-30,31.55,29.289,31.12225,2.261,14.615,13.08,13.52,1.535
"291",2017-10-31,31.349,29.8865,31.16075,1.4625,14.28,13.22,13.59,1.06
"292",2017-11-01,31.304,29.8645,31.1035,1.4395,14.065,13.26,13.61,0.805
"293",2017-11-02,31.124,30.0185,30.93,1.1055,14.18,13.45,13.745,0.73
"294",2017-11-03,31.1275,30.064,30.828,1.0635,14.215,13.59,13.74,0.625
"295",2017-11-04,31.123,29.864,30.7925,1.259,14.55,13.65,13.76,0.9
"296",2017-11-05,31.167,29.8485,30.708,1.3185,14.34,13.53,13.72,0.81
"297",2017-11-06,31.217,29.84,30.7095,1.377,14.38,13.47,13.67,0.91
"298",2017-11-07,31.204,29.9105,30.589,1.2935,14.3,13.4,13.6,0.9
"299",2017-11-08,31.219,29.9265,30.792,1.2925,14.25,13.35,13.585,0.9
"300",2017-11-09,31.325,30.108,30.933,1.217,14.02,13.29,13.6125,0.73
"301",2017-11-10,31.431,29.966,30.9255,1.465,14.06,13.39,13.7125,0.67
"302",2017-11-11,31.397,29.665,30.812,1.732,14.29,13.52,13.8,0.77
"303",2017-11-12,31.2215,29.587,30.856,1.6345,14.11,13.64,13.84,0.469999999999999
"304",2017-11-13,31.106,30.01,30.8155,1.096,14.115,13.76,13.925,0.355
"305",2017-11-14,30.88,29.943,30.703,0.936999999999998,14.455,13.87,14.015,0.585000000000001
"306",2017-11-15,30.8395,29.761,30.624,1.0785,14.28,13.95,14.025,0.33
"307",2017-11-16,30.817,29.625,30.65525,1.192,14.25,14,14.0275,0.25
"308",2017-11-17,30.753,29.8275,30.548,0.9255,14.25,13.97,14.07,0.279999999999999
"309",2017-11-18,30.8595,29.4585,30.38125,1.401,14.255,13.925,14.115,0.33
"310",2017-11-19,30.843,29.5635,30.269,1.2795,14.18,13.865,14.07,0.315
"311",2017-11-20,30.8995,29.5905,30.2835,1.309,14.25,14.03,14.065,0.220000000000001
"312",2017-11-21,30.887,29.2815,30.1415,1.6055,14.255,14.005,14.1,0.25
"313",2017-11-22,30.9775,29.055,29.9955,1.9225,14.29,14.09,14.145,0.199999999999999
"314",2017-11-23,31.0165,29.0715,30.261,1.945,14.375,14.135,14.21,0.24
"315",2017-11-24,30.354,30.354,30.354,0,NA,NA,NA,NA
"316",2017-11-27,30.6875,30.0435,30.4525,0.643999999999998,14.39,14.205,14.29,0.185
"317",2017-11-28,30.9035,28.2455,30.2285,2.658,14.43,14.01,14.11,0.42
"318",2017-11-29,30.7405,28.835,30.515,1.9055,14.51,13.95,14.05,0.56
"319",2017-11-30,30.4675,29.394,30.43925,1.0735,14.265,13.82,13.98,0.445
"320",2017-12-01,30.7395,30.644,30.69175,0.0955000000000013,14.13,13.85,14.115,0.280000000000001
"321",2017-12-02,30.6715,28.933,30.0435,1.7385,14.115,13.71,13.835,0.404999999999999
"322",2017-12-03,30.604,29.247,30.1115,1.357,14.03,13.63,13.75,0.399999999999999
"323",2017-12-04,30.809,29.0395,29.891,1.7695,13.99,13.33,13.5175,0.66
"324",2017-12-05,31.109,29.0385,30.35625,2.0705,13.61,12.85,13.22,0.76
"325",2017-12-06,31.1,29.421,30.456,1.679,13.46,12.83,13.04,0.630000000000001
"326",2017-12-07,30.924,29.343,30.378,1.581,13.38,12.83,12.95,0.550000000000001
"327",2017-12-08,30.952,29.5395,30.2615,1.4125,13.145,12.67,12.83,0.475
"328",2017-12-09,30.8705,29.5795,30.2835,1.291,12.935,12.6,12.7,0.335000000000001
"329",2017-12-10,30.8335,29.665,30.4405,1.1685,12.865,12.435,12.54,0.43
"330",2017-12-11,30.773,29.722,30.549,1.051,12.75,12.36,12.455,0.390000000000001
"331",2017-12-12,30.159,30.009,30.159,0.149999999999999,12.715,12.49,12.565,0.225
"332",2017-12-18,27.676,27.658,27.674,0.0179999999999971,12.06,12.03,12.06,0.0300000000000011
"333",2017-12-19,27.7875,26.6135,26.9355,1.174,12.03,11.81,11.935,0.219999999999999
"334",2017-12-20,30.362,27.883,28.397,2.479,11.98,11.705,11.925,0.275
"335",2017-12-21,31.482,30.203,30.8645,1.279,11.925,11.46,11.77,0.465
"336",2017-12-22,31.4885,30.198,30.936,1.2905,11.79,11.51,11.64,0.279999999999999
"337",2017-12-23,31.3745,29.9355,30.847,1.439,11.67,11.345,11.515,0.324999999999999
"338",2017-12-24,31.506,29.893,30.985,1.613,11.48,11.335,11.41,0.145
"339",2017-12-25,31.5185,29.54,30.971,1.9785,11.505,11.16,11.365,0.345000000000001
"340",2017-12-26,31.3875,29.389,30.883,1.9985,11.53,11.08,11.29,0.449999999999999
"341",2017-12-27,31.2465,28.937,30.974,2.3095,11.49,11,11.26,0.49
"342",2017-12-28,31.2605,29.732,31.0185,1.5285,11.61,11.05,11.24,0.559999999999999
"343",2017-12-29,31.1285,29.6075,30.5115,1.521,11.47,11.055,11.18,0.415000000000001
"344",2017-12-30,31.2325,29.6915,30.687,1.541,11.465,11.09,11.1925,0.375
"345",2017-12-31,31.3915,29.747,30.77425,1.6445,11.485,11.135,11.2175,0.35
"346",2018-01-01,31.419,29.928,30.81975,1.491,11.49,11.19,11.25,0.300000000000001
"347",2018-01-02,31.285,29.8285,30.743,1.4565,11.54,11.25,11.3,0.289999999999999
"348",2018-01-03,31.265,31.265,31.265,0,11.41,11.41,11.41,0
"349",2018-01-06,31.352,30.1375,30.955,1.2145,11.7,11.48,11.54,0.219999999999999
"350",2018-01-07,31.4645,31.337,31.3935,0.127500000000001,11.67,11.59,11.62,0.0800000000000001
"351",2018-01-09,31.1055,30.418,31.091,0.6875,11.9,11.79,11.81,0.110000000000001
"352",2018-01-10,31.0145,29.4895,30.73825,1.525,11.825,11.445,11.68,0.379999999999999
"353",2018-01-11,31.0665,29.416,30.553,1.6505,12.105,11.62,11.6975,0.485000000000001
"354",2018-01-12,30.936,29.182,30.364,1.754,12.235,11.69,11.75,0.545
"355",2018-01-13,30.74,29.206,30.153,1.534,12.48,11.66,11.78,0.82
"356",2018-01-14,31.0215,28.909,29.87,2.1125,12.015,11.625,11.7225,0.390000000000001
"357",2018-01-15,31.177,28.7415,30.13675,2.4355,12.1,11.69,11.8,0.41
"358",2018-01-16,31.0835,28.959,30.238,2.1245,12.105,11.83,11.94,0.275
"359",2018-01-17,31.017,29.113,30.22925,1.904,12.25,11.95,12,0.300000000000001
"360",2018-01-18,31.0265,28.776,30.2365,2.2505,12.25,12.02,12.1,0.23
"361",2018-01-19,30.9905,30.455,30.469,0.535500000000003,12.225,12.16,12.19,0.0649999999999995
"362",2018-01-23,30.525,29.281,29.978,1.244,12.26,11.875,11.96,0.385
"363",2018-01-24,30.9825,26.867,30.51125,4.1155,12.09,11.795,12.0075,0.295
"364",2018-01-25,30.886,28.934,30.57325,1.952,12.19,11.82,12.01,0.369999999999999
"365",2018-01-26,30.539,28.722,30.234,1.817,12.305,11.7,11.935,0.605
"366",2018-01-27,30.7125,28.4305,29.6285,2.282,12.34,11.705,11.9,0.635
"367",2018-01-28,30.483,28.2925,29.46075,2.1905,12.375,11.79,11.92,0.585000000000001
"368",2018-01-29,30.555,28.2455,29.54925,2.3095,12.15,11.865,11.955,0.285
"369",2018-01-30,30.72,28.1515,29.747,2.5685,12.34,11.87,11.98,0.470000000000001
"370",2018-01-31,30.6925,28.55,29.88375,2.1425,12.325,11.94,12.06,0.385
"371",2018-02-01,30.6845,28.679,30.007,2.0055,12.305,12.08,12.1425,0.225
"372",2018-02-02,30.599,28.7415,29.9555,1.8575,12.31,12.13,12.24,0.18
"373",2018-02-03,30.56,28.869,30.12275,1.691,12.465,12.195,12.315,0.27
"374",2018-02-04,30.4225,28.877,29.876,1.5455,12.57,12.28,12.385,0.290000000000001
"375",2018-02-05,30.4495,28.8165,29.963,1.633,12.83,12.32,12.41,0.51
"376",2018-02-06,30.677,29.1655,30.2895,1.5115,12.99,12.345,12.435,0.645
"377",2018-02-07,30.829,28.2385,30.243,2.5905,13.3,12.4,12.49,0.9
"378",2018-02-08,30.893,28.088,30.08375,2.805,13.335,12.49,12.615,0.845000000000001
"379",2018-02-09,30.982,27.8405,30.1045,3.1415,13.41,12.53,12.665,0.880000000000001
"380",2018-02-10,30.919,27.885,29.95225,3.034,13.3,12.6,12.72,0.700000000000001
"381",2018-02-11,31.1365,28.014,29.75325,3.1225,13.295,12.46,12.6675,0.834999999999999
"382",2018-02-12,31.0735,28.472,30.102,2.6015,13.01,12.41,12.485,0.6
"383",2018-02-13,31.33,28.676,29.8925,2.654,12.94,12.14,12.315,0.799999999999999
"384",2018-02-14,31.108,28.86,30.181,2.248,12.84,12.16,12.4325,0.68
"385",2018-02-15,31.158,28.9945,30.46625,2.1635,12.485,11.98,12.16,0.504999999999999
"386",2018-02-16,31.006,28.9275,30.24525,2.0785,12.45,12.01,12.1375,0.44
"387",2018-02-17,30.987,28.956,30.3535,2.031,12.4,12.03,12.135,0.370000000000001
"388",2018-02-18,31.0035,29.1465,30.46525,1.857,12.43,11.97,12.16,0.459999999999999
"389",2018-02-19,31.131,29.116,30.753,2.015,12.24,11.46,12,0.779999999999999
"390",2018-02-20,31.3205,28.992,30.789,2.3285,12.075,11.225,11.67,0.85
"391",2018-02-21,31.2835,29.623,31.008,1.6605,12.065,11.2,11.42,0.865
"392",2018-02-22,31.2515,29.277,30.76375,1.9745,12.085,11.11,11.405,0.975000000000001
"393",2018-02-23,30.892,28.632,30.309,2.26,11.87,10.895,11.15,0.975
"394",2018-02-24,31.425,29.1985,30.44575,2.2265,11.495,10.865,11.01,0.629999999999999
"395",2018-02-25,31.133,28.7755,30.409,2.3575,11.52,10.83,10.915,0.69
"396",2018-02-26,31.3805,29.064,30.46,2.3165,11.52,10.735,10.91,0.785
"397",2018-02-27,31.269,29.191,30.552,2.078,11.295,10.61,10.775,0.685
"398",2018-02-28,31.1725,29.265,30.3305,1.9075,11.115,10.69,10.755,0.425000000000001
"399",2018-03-01,31.1595,29.466,30.7675,1.6935,11.035,10.69,10.77,0.345000000000001
"400",2018-03-02,31.0895,29.648,30.674,1.4415,11,10.645,10.825,0.355
"401",2018-03-03,30.943,29.741,30.5725,1.202,10.94,10.62,10.825,0.32
"402",2018-03-04,30.6725,29.3725,30.37825,1.3,11.01,10.63,10.8575,0.379999999999999
"403",2018-03-05,30.4635,29.298,30.212,1.1655,11.205,10.615,10.925,0.59
"404",2018-03-06,30.603,28.997,30.2065,1.606,11.33,10.725,10.94,0.605
"405",2018-03-07,30.923,28.8195,30.24925,2.1035,11.69,10.86,10.945,0.83
"406",2018-03-08,30.045,28.482,29.50825,1.563,11.94,11.04,11.4275,0.9
"407",2018-03-09,30.873,28.012,30.1385,2.861,12.02,11.14,11.25,0.879999999999999
"408",2018-03-10,30.8755,27.182,30.315,3.6935,11.845,11.2,11.28,0.645000000000001
"409",2018-03-11,30.8985,27.163,30.055,3.7355,12.285,11.2,11.33,1.085
"410",2018-03-12,31.0115,27.5875,29.974,3.424,12.135,11.28,11.4325,0.855
"411",2018-03-13,30.859,27.481,30.4245,3.378,12.2,11.43,11.54,0.77
"412",2018-03-14,31.0645,28.868,30.183,2.1965,12.15,11.59,11.67,0.56
"413",2018-03-15,30.894,28.459,30.341,2.435,12.34,11.63,11.775,0.709999999999999
"414",2018-03-16,30.808,28.7265,30.171,2.0815,12.025,11.72,11.8475,0.305
"415",2018-03-17,30.635,28.646,30.1565,1.989,12.29,11.79,11.96,0.5
"416",2018-03-18,30.461,28.567,29.94525,1.894,12.27,11.82,12.045,0.449999999999999
"417",2018-03-19,30.1975,28.514,29.82925,1.6835,12.235,11.88,12.0975,0.354999999999999
"418",2018-03-20,30.43,28.3455,29.77775,2.0845,12.27,12,12.125,0.27
"419",2018-03-21,30.739,28.3545,29.835,2.3845,12.48,12.01,12.0975,0.470000000000001
"420",2018-03-22,30.868,28.7435,30.072,2.1245,12.92,12.14,12.18,0.779999999999999
"421",2018-03-23,30.497,27.639,30.00775,2.858,13.02,12.21,12.27,0.809999999999999
"422",2018-03-24,30.737,26.7375,29.65525,3.9995,13.03,12.27,12.34,0.76
"423",2018-03-25,30.5085,25.8275,29.21575,4.681,13.215,12.34,12.4475,0.875
"424",2018-03-26,30.0445,24.9095,28.903,5.135,13.39,12.29,12.51,1.1
"425",2018-03-27,30.658,24.549,29.021,6.109,13.395,12.43,12.615,0.965
"426",2018-03-28,30.7795,24.8095,29.594,5.97,13.485,12.49,12.7025,0.994999999999999
"427",2018-03-29,30.4785,25.641,29.712,4.8375,13.62,12.63,12.895,0.989999999999998
"428",2018-03-30,29.828,26.048,26.866,3.78,13.67,12.84,13.33,0.83
"429",2018-04-02,29.308,29.308,29.308,0,13.45,13.325,13.3875,0.125
"430",2018-04-03,30.4495,26.0545,29.2195,4.395,14.5,12.895,13.43,1.605
"431",2018-04-04,30.652,25.903,28.659,4.749,14.59,12.78,13.39,1.81
"432",2018-04-05,30.625,24.7055,28.53725,5.9195,14.65,12.76,13.415,1.89
"433",2018-04-06,30.304,23.271,28.765,7.033,14.395,12.825,13.365,1.57
"434",2018-04-07,29.712,22.909,27.83475,6.803,15.055,13.015,13.4125,2.04
"435",2018-04-08,28.993,17.685,24.28325,11.308,15.365,13.25,14.11,2.115
"436",2018-04-09,29.583,18.2,21.66225,11.383,15.51,13.27,14.25,2.24
"437",2018-04-10,29.7725,18.9305,22.304,10.842,15.505,13.185,14.57,2.32
"438",2018-04-11,28.9705,18.9145,26.61675,10.056,15.51,13.36,14.08,2.15
"439",2018-04-12,28.5885,20.3605,25.0735,8.228,15.305,13.355,14.04,1.95
"440",2018-04-13,28.5265,20.617,26.77925,7.9095,15.015,13.24,13.98,1.775
"441",2018-04-14,29.017,22.4255,27.1455,6.5915,14.78,12.99,14.06,1.79
"442",2018-04-16,29.17,29.114,29.165,0.0560000000000009,13.085,12.85,12.89,0.235000000000001
"443",2018-04-17,29.733,23.898,28.281,5.835,14.225,12.3,13.14,1.925
"444",2018-04-18,30.2855,24.2005,27.8115,6.085,14.02,12.04,12.985,1.98
"445",2018-04-19,30.563,24.431,27.878,6.132,14.19,11.75,12.835,2.44
"446",2018-04-20,30.441,24.517,28.26175,5.924,14.3,11.87,12.71,2.43
"447",2018-04-21,30.962,25.064,28.743,5.898,14.28,11.56,12.55,2.72
"448",2018-04-22,30.923,25.2535,29.4175,5.6695,14.38,11.59,12.35,2.79
"449",2018-04-23,31.241,25.167,29.66125,6.074,14.855,11.45,11.9825,3.405
"450",2018-04-24,31.1245,25.82,29.427,5.3045,14.23,11.545,12.34,2.685
"451",2018-04-25,30.778,25.8,29.954,4.978,14.06,11.84,12.29,2.22
"452",2018-04-26,30.389,26.345,29.9415,4.044,14.015,12.055,12.38,1.96
"453",2018-04-27,30.321,27.453,29.971,2.868,13.47,12.12,12.565,1.35
"454",2018-04-28,30.0525,27.22,29.731,2.8325,13.51,12.42,12.8925,1.09
"455",2018-04-29,30.188,26.92,29.227,3.268,13.76,12.57,13.06,1.19
"456",2018-04-30,30.6295,27.282,29.429,3.3475,13.91,12.4,13.1275,1.51
"457",2018-05-01,30.987,27.326,30.0535,3.661,14.185,12.02,12.7,2.165
"458",2018-05-02,31.483,27.45,30.07325,4.033,14.24,11.68,12.625,2.56
"459",2018-05-03,31.267,27.348,30.05475,3.919,14.205,11.89,12.535,2.315
"460",2018-05-04,31.0925,27.427,29.68,3.6655,14.64,11.95,12.815,2.69
"461",2018-05-05,30.9695,26.7735,29.989,4.196,14.365,12.11,12.74,2.255
"462",2018-05-06,30.7135,26.0025,30.004,4.711,15.025,12.1,12.67,2.925
"463",2018-05-07,30.7485,26.3725,29.612,4.376,15.26,12.07,12.73,3.19
"464",2018-05-08,30.9015,26.548,29.641,4.3535,14.83,11.835,12.46,2.995
"465",2018-05-09,31.3215,25.716,29.681,5.6055,15.485,11.665,12.755,3.82
"466",2018-05-10,31.387,25.857,30.2965,5.53,15.37,11.81,12.7725,3.56
"467",2018-05-11,31.586,26.62,30.6685,4.966,15.285,11.71,12.3,3.575
"468",2018-05-12,31.6575,27.912,31.05825,3.7455,14.29,11.68,12.325,2.61
"469",2018-05-13,31.663,28.794,30.772,2.869,13.74,11.85,12.535,1.89
"470",2018-05-14,31.38,28.588,30.675,2.792,13.92,12.17,12.9325,1.75
"471",2018-05-15,31.263,28.6065,30.5235,2.6565,14.28,12.37,13.16,1.91
"472",2018-05-16,31.137,29.036,30.52175,2.101,14.295,12.64,13.26,1.655
"473",2018-05-17,31.083,29.096,30.39975,1.987,14.64,12.86,13.36,1.78
"474",2018-05-18,31.2905,28.834,30.4195,2.4565,14.67,12.88,13.495,1.79
"475",2018-05-19,31.326,29.265,30.65575,2.061,14.83,12.81,13.3625,2.02
"476",2018-05-20,31.2615,29.3455,30.6245,1.916,14.935,12.96,13.465,1.975
"477",2018-05-21,31.3975,29.3995,30.6785,1.998,15.04,12.955,13.46,2.085
"478",2018-05-22,31.5375,29.645,30.98,1.8925,14.64,12.78,13.27,1.86
"479",2018-05-23,31.5005,29.156,30.951,2.3445,14.98,12.81,13.01,2.17
"480",2018-05-24,31.221,29.361,31.12,1.86,14.82,12.98,13.22,1.84
"481",2018-05-25,31.2355,29.751,30.954,1.4845,14.26,12.94,13.275,1.32
"482",2018-05-26,31.229,29.431,30.762,1.798,14.17,13.03,13.46,1.14
"483",2018-05-27,31.718,29.2965,30.685,2.4215,14.355,12.59,13.45,1.765
"484",2018-05-28,31.575,29.518,30.929,2.057,14.49,12.7,13.63,1.79
"485",2018-05-29,31.588,29.525,30.969,2.063,14.78,12.82,13.5075,1.96
"486",2018-05-30,31.81,29.733,31.138,2.077,14.84,12.71,13.475,2.13
"487",2018-05-31,31.73,29.562,30.986,2.168,14.99,12.75,13.62,2.24
"488",2018-06-01,31.8885,29.5425,31.054,2.346,15.235,12.585,13.475,2.65
"489",2018-06-02,31.962,29.412,31.027,2.55,15.37,12.465,13.13,2.905
"490",2018-06-03,31.772,29.507,31.354,2.265,15.49,12.51,13.21,2.98
"491",2018-06-04,31.6115,29.495,31.254,2.1165,15.36,12.555,13.26,2.805
"492",2018-06-05,31.8935,28.533,31.1515,3.3605,16.06,12.75,13.4975,3.31
"493",2018-06-06,31.962,28.397,30.976,3.565,16.52,12.37,13.5425,4.15
"494",2018-06-07,31.798,28.247,31.009,3.551,16.485,12.61,13.44,3.875
"495",2018-06-08,31.5795,29.029,31.0055,2.5505,15.66,12.73,13.475,2.93
"496",2018-06-09,31.7115,29.54,30.942,2.1715,15.34,12.665,13.45,2.675
"497",2018-06-10,31.891,29.293,30.77675,2.598,15.56,12.435,13.58,3.125
"498",2018-06-11,31.872,29.3875,31.15375,2.4845,15.01,12.32,13.23,2.69
"499",2018-06-12,31.727,29.488,30.8985,2.239,14.97,12.435,13.43,2.535
"500",2018-06-13,31.712,29.152,31.093,2.56,15.06,12.41,13.33,2.65
"501",2018-06-14,31.397,29.466,30.935,1.931,14.985,12.5,13.2525,2.485
"502",2018-06-15,31.353,29.495,30.60775,1.858,15.13,12.55,13.31,2.58
"503",2018-06-16,31.2415,29.4645,30.801,1.777,14.97,12.65,13.3,2.32
"504",2018-06-17,31.436,29.639,30.79125,1.797,15.08,12.78,13.36,2.3
"505",2018-06-18,31.0105,29.1325,30.314,1.878,15.52,13.12,13.725,2.4
"506",2018-06-19,31.0785,29.7115,30.34475,1.367,15.165,13.43,13.855,1.735
"507",2018-06-20,30.738,29.489,30.3965,1.249,15.54,13.74,13.98,1.8
"508",2018-06-21,30.86,29.7165,30.377,1.1435,15.37,13.88,14.08,1.49
"509",2018-06-22,30.5825,29.431,30.202,1.1515,15.35,13.86,14.23,1.49
"510",2018-06-23,30.8865,29.776,30.471,1.1105,15.07,13.7,14.39,1.37
"511",2018-06-24,31.918,30.346,31.279,1.572,15.23,13.75,14.64,1.48
"512",2018-06-25,31.776,30.153,31.241,1.623,15.64,13.82,14.58,1.82
"513",2018-06-26,31.864,30.367,31.3355,1.497,15.54,13.84,14.66,1.7
"514",2018-06-27,31.794,30.484,31.24425,1.31,15.64,14.03,14.68,1.61
"515",2018-06-28,32.013,30.669,31.4375,1.344,15.85,13.935,14.54,1.915
"516",2018-06-29,31.9515,30.5705,31.393,1.381,16.21,14.095,14.8925,2.115
"517",2018-06-30,32.028,30.4355,31.4205,1.5925,16.23,14.3,14.92,1.93
"518",2018-07-01,32.196,30.709,31.663,1.487,16.125,14.28,15.045,1.845
"519",2018-07-02,32.233,30.822,31.776,1.411,16.1,14.45,14.92,1.65
"520",2018-07-03,32.279,30.925,31.8825,1.354,16.025,14.45,14.885,1.575
"521",2018-07-04,32.291,30.989,31.691,1.302,16.165,14.62,14.93,1.545
"522",2018-07-05,32.086,30.25,31.77375,1.836,16.735,14.94,15.1625,1.795
"523",2018-07-06,32.355,30.837,31.8925,1.518,16.515,15.14,15.42,1.375
"524",2018-07-07,32.395,30.646,31.6735,1.749,16.78,15.31,15.6,1.47
"525",2018-07-08,31.89,30.946,31.49,0.943999999999999,16.62,15.54,15.96,1.08
"526",2018-07-09,32.061,30.913,31.716,1.148,16.64,15.635,16.185,1.005
"527",2018-07-10,32.111,30.776,31.649,1.335,16.92,15.5,16.2625,1.42
"528",2018-07-11,32.352,30.408,31.715,1.944,17.13,15.16,16.06,1.97
"529",2018-07-12,31.9315,30.301,31.5045,1.6305,17.28,14.96,15.88,2.32
"530",2018-07-13,31.954,30.308,31.371,1.646,17.16,14.96,15.89,2.2
"531",2018-07-14,32.3135,30.9995,31.523,1.314,17.13,15.15,15.91,1.98
"532",2018-08-15,32.246,31.6525,32.07025,0.593500000000002,16.2,14.88,15.35,1.32
"533",2018-08-16,32.198,31.726,32.1605,0.472000000000001,16.22,15.06,15.2925,1.16
"534",2018-08-17,32.207,31.669,32.0695,0.538,16.34,15.25,15.4,1.09
"535",2018-08-18,32.276,32.0205,32.195,0.255500000000005,15.55,15.13,15.24,0.42
"536",2018-08-20,32.144,32.089,32.144,0.0549999999999997,15.29,15.21,15.215,0.0799999999999983
"537",2018-08-23,32.49,31.605,32.154,0.885000000000002,16.14,14.955,15.5075,1.185
"538",2018-08-24,32.144,32.082,32.129,0.0619999999999976,15.71,15.655,15.6725,0.0550000000000015
"539",2018-08-25,32.4915,31.682,32.14575,0.809500000000003,16.145,15.1,15.72,1.045
"540",2018-08-26,32.434,31.651,32.1255,0.782999999999998,16.3,15.21,15.69,1.09
"541",2018-08-27,32.4135,31.734,32.15,0.679499999999997,16.24,15.39,15.825,0.849999999999998
"542",2018-08-28,32.4345,31.724,32.19625,0.7105,16.395,15.52,15.84,0.875
"543",2018-08-29,32.416,31.743,32.2635,0.672999999999998,16.59,15.61,15.9675,0.98
"544",2018-08-30,32.3625,31.783,32.2315,0.579499999999996,16.585,15.91,16.155,0.675000000000001
"545",2018-08-31,32.284,31.7845,32.16825,0.499499999999998,16.88,16.04,16.2625,0.84
"546",2018-09-01,32.2765,31.76,32.1235,0.516499999999997,16.94,16.14,16.3,0.800000000000001
"547",2018-09-02,32.298,31.7665,32.13325,0.531500000000001,16.83,16.095,16.345,0.734999999999999
"548",2018-09-03,32.3305,31.697,32.1535,0.633500000000002,16.8,16.11,16.405,0.690000000000001
"549",2018-09-04,32.362,31.697,32.1645,0.665000000000003,16.82,16.13,16.435,0.690000000000001
"550",2018-09-05,32.3775,31.5605,32.062,0.816999999999997,17.04,16.07,16.52,0.969999999999999
"551",2018-09-06,32.4205,31.5525,32.053,0.867999999999999,16.965,16.08,16.57,0.885000000000002
"552",2018-09-07,32.402,31.43,32.063,0.972000000000001,17.17,16.125,16.535,1.045
"553",2018-09-08,32.2935,31.4875,32.037,0.806000000000001,17.21,16.195,16.685,1.015
"554",2018-09-09,32.1695,31.5,32.027,0.669499999999999,17.295,16.42,16.7675,0.875
"555",2018-09-10,32.1385,31.57,31.99,0.5685,17.32,16.41,16.7775,0.91
"556",2018-09-11,32.0955,31.6515,32.0545,0.444000000000003,17.29,16.39,16.7725,0.899999999999999
"557",2018-09-12,32.122,31.724,32.085,0.398,17.11,16.135,16.625,0.974999999999998
"558",2018-09-13,32.185,31.707,32.13625,0.478000000000002,16.915,15.93,16.315,0.984999999999999
"559",2018-09-14,32.25,31.689,32.134,0.561,16.82,15.845,16.005,0.975
"560",2018-09-15,32.291,31.697,32.0885,0.593999999999998,16.53,15.575,15.86,0.955000000000002
"561",2018-09-16,32.395,31.662,32.068,0.733000000000004,16.515,15.265,15.88,1.25
"562",2018-09-17,32.332,31.4975,31.993,0.834500000000002,16.71,15.32,15.935,1.39
"563",2018-09-18,32.367,31.451,32.062,0.915999999999997,16.655,15.16,15.73,1.495
"564",2018-09-19,32.4225,31.5255,32.119,0.896999999999998,16.345,14.99,15.69,1.355
"565",2018-09-20,32.455,31.472,32.098,0.982999999999997,16.315,14.88,15.695,1.435
"566",2018-09-21,32.428,31.4275,32.08125,1.0005,16.41,14.87,15.64,1.54
"567",2018-09-22,32.3925,31.4905,32.07425,0.901999999999997,16.3,14.9,15.57,1.4
"568",2018-09-23,32.3715,31.5535,32.063,0.817999999999998,16.13,14.89,15.5725,1.24
"569",2018-09-24,32.237,31.554,32.057,0.683000000000003,16.14,15.13,15.59,1.01
"570",2018-09-25,32.055,31.186,31.651,0.869,16.065,15.26,15.6625,0.805000000000001
"571",2018-09-26,31.581,31.0485,31.439,0.532499999999999,16.13,15.295,15.65,0.834999999999999
"572",2018-09-27,31.4575,31.0315,31.322,0.425999999999998,16.025,15.38,15.61,0.644999999999998
"573",2018-09-28,31.3575,30.8045,31.267,0.553000000000001,16.15,15.355,15.45,0.794999999999998
"574",2018-09-29,32.1905,30.76,31.37325,1.4305,16.08,15.25,15.385,0.829999999999998
"575",2018-09-30,32.305,31.637,32.03,0.667999999999999,16.03,15.15,15.48,0.880000000000001
"576",2018-10-01,32.322,31.5775,32.046,0.744500000000002,16.225,15.22,15.585,1.005
"577",2018-10-02,32.313,31.868,32.1465,0.445000000000004,15.965,15.37,15.745,0.595000000000001
"578",2018-10-03,32.3845,31.1405,32.012,1.244,16.655,15.35,15.895,1.305
"579",2018-10-04,32.354,31.3885,32.0005,0.965499999999999,16.59,15.45,15.985,1.14
"580",2018-10-05,32.318,31.433,31.94925,0.884999999999998,16.44,15.43,16.095,1.01
"581",2018-10-06,32.184,31.47,31.973,0.713999999999999,16.52,15.63,16.15,0.889999999999999
"582",2018-10-07,31.973,31.973,31.973,0,16.27,16.27,16.27,0
"583",2018-10-08,32.063,31.979,32.0125,0.0840000000000032,16.17,16.015,16.0975,0.155000000000001
"584",2018-10-09,32.132,31.6035,32.0185,0.528499999999998,16.53,15.77,15.955,0.760000000000002
"585",2018-10-10,32.1205,30.886,31.2305,1.2345,16.49,15.65,15.875,0.839999999999998
"586",2018-10-11,31.2435,30.582,30.882,0.6615,16.335,15.76,15.8775,0.575000000000001
"587",2018-10-12,31.023,30.4965,30.81,0.526499999999999,16.42,15.79,15.9025,0.630000000000003
"588",2018-10-13,31.027,30.48,30.7915,0.547000000000001,16.42,15.75,15.93,0.670000000000002
"589",2018-10-14,31.0445,30.46,30.7755,0.584499999999998,16.37,15.575,15.9475,0.795000000000002
"590",2018-10-15,31.064,30.268,30.62325,0.795999999999999,16.385,15.57,15.92,0.815000000000001
"591",2018-10-16,30.869,29.956,30.506,0.913,16.41,15.48,15.9275,0.93
"592",2018-10-17,30.7745,30.1085,30.54325,0.666,16.26,15.48,15.8925,0.780000000000001
"593",2018-10-18,30.7915,29.875,30.541,0.916499999999999,16.28,15.43,15.9,0.850000000000001
"594",2018-10-19,30.806,29.8275,30.555,0.9785,16.23,15.305,15.82,0.925000000000001
"595",2018-10-20,30.756,29.9725,30.4665,0.7835,16.11,15.385,15.82,0.725
"596",2018-10-21,30.589,29.9875,30.387,0.601499999999998,15.965,15.36,15.785,0.605
"597",2018-10-22,30.426,29.925,30.2955,0.500999999999998,15.9,15.46,15.76,0.44
"598",2018-10-23,30.292,29.908,30.1775,0.384,15.905,15.46,15.77,0.444999999999999
"599",2018-10-24,30.187,29.845,30.0835,0.342000000000002,15.96,15.49,15.75,0.470000000000001
"600",2018-10-25,30.1095,29.7405,29.943,0.369,16.05,15.69,15.815,0.360000000000001
"601",2018-10-26,30.065,29.658,29.8705,0.407,16.145,15.675,15.795,0.469999999999999
"602",2018-10-27,30.068,29.6475,29.8395,0.420500000000001,16.245,15.555,15.77,0.690000000000001
"603",2018-10-28,30.1235,29.6705,29.87875,0.452999999999999,16.295,15.49,15.79,0.805000000000001
"604",2018-10-29,30.1435,29.663,29.833,0.480499999999999,16.215,15.355,15.77,0.859999999999999
"605",2018-10-30,30.143,29.559,29.8305,0.584,16.285,15.34,15.685,0.945
"606",2018-10-31,30.134,29.5245,29.93575,0.609500000000001,16.165,15.08,15.55,1.085
"607",2018-11-01,30.2815,29.715,29.9795,0.566500000000001,15.945,14.91,15.395,1.035
"608",2018-11-02,30.2145,29.2765,29.9865,0.938000000000002,15.86,14.87,15.32,0.99
"609",2018-11-03,29.515,29.0515,29.38575,0.4635,15.735,14.86,15.33,0.875
"610",2018-11-04,29.379,29.084,29.274,0.295000000000002,15.65,14.85,15.22,0.800000000000001
"611",2018-11-05,29.713,29.2665,29.60425,0.4465,15.54,14.92,15.0775,0.619999999999999
"612",2018-11-06,29.847,29.602,29.7045,0.245000000000001,15.54,14.79,14.93,0.75
"613",2018-11-07,30.333,29.7035,30.138,0.6295,15.4,14.645,14.86,0.755000000000001
"614",2018-11-08,30.326,29.8925,30.08975,0.433500000000002,15.39,14.495,14.755,0.895000000000001
"615",2018-11-09,30.2315,29.9195,30.0765,0.312000000000001,15.34,14.22,14.545,1.12
"616",2018-11-10,30.205,29.9915,30.029,0.2135,15.2,13.955,14.2375,1.245
"617",2018-11-11,30.292,30.01,30.183,0.282,14.88,13.82,14.0675,1.06
"618",2018-11-12,30.35,29.9875,30.186,0.362500000000001,14.7,13.755,14.01,0.944999999999999
"619",2018-11-16,30.074,30.04,30.05,0.0340000000000025,13.32,13.17,13.23,0.15
"620",2018-11-17,30.155,29.936,30.10375,0.219000000000001,13.32,12.89,13.01,0.43
"621",2018-11-18,30.2075,29.8935,30.125,0.314,13.18,12.775,12.97,0.404999999999999
"622",2018-11-19,30.131,29.888,30.009,0.242999999999999,13.19,12.76,12.945,0.43
"623",2018-11-20,30.023,29.861,29.89,0.161999999999999,13.13,12.77,12.925,0.360000000000001
"624",2018-11-21,30,29.7655,29.9055,0.234500000000001,13.245,12.865,12.92,0.379999999999999
"625",2018-11-22,30.03,29.8155,29.91225,0.214500000000001,13.21,12.93,12.96,0.280000000000001
"626",2018-11-23,30.0335,29.712,29.8275,0.3215,13.48,13.01,13.14,0.470000000000001
"627",2018-11-24,29.955,29.567,29.74775,0.387999999999998,13.59,13.3,13.37,0.289999999999999
"628",2018-11-25,29.9705,29.3675,29.673,0.603000000000002,13.715,13.47,13.5175,0.244999999999999
"629",2018-11-26,29.924,29.3605,29.6485,0.563500000000001,13.775,13.49,13.625,0.285
"630",2018-11-27,29.907,29.3765,29.56175,0.5305,13.82,13.64,13.7075,0.18
"631",2018-11-28,29.9015,29.359,29.55,0.542499999999997,14,13.76,13.825,0.24
"632",2018-11-29,29.8155,29.4065,29.61775,0.408999999999999,14.29,13.845,13.92,0.444999999999999
"633",2018-11-30,29.7955,29.3545,29.686,0.440999999999999,14.2,13.7,13.9825,0.5
"634",2018-12-01,29.6795,29.115,29.5625,0.564500000000002,14.19,13.73,14.03,0.459999999999999
"635",2018-12-02,NA,NA,NA,NA,14,14,14,0
"636",2018-12-11,31.809,31.7455,31.798,0.0635000000000012,13.44,13.41,13.43,0.0299999999999994
"637",2018-12-12,31.8125,30.4805,31.2655,1.332,13.41,13.08,13.24,0.33
"638",2018-12-13,31.6745,30.177,31.166,1.4975,13.39,12.98,13.16,0.41
"639",2018-12-14,31.677,29.659,31.3265,2.018,13.37,12.81,13.2175,0.559999999999999
"640",2018-12-15,31.9255,30.7435,31.557,1.182,13.54,13.125,13.335,0.414999999999999
"641",2018-12-16,31.755,30.552,31.568,1.203,13.455,13.155,13.39,0.300000000000001
"642",2018-12-17,31.8355,30.69,31.5765,1.1455,13.8,13.24,13.415,0.56
"643",2018-12-18,31.955,30.409,31.46325,1.546,13.95,13.16,13.435,0.789999999999999
"644",2018-12-19,31.612,30.312,31.25125,1.3,13.83,13.27,13.46,0.56
"645",2018-12-20,31.496,30.3485,31.04225,1.1475,13.66,13.305,13.4325,0.355
"646",2018-12-21,31.621,30.1785,31.1035,1.4425,13.78,13.26,13.495,0.52
"647",2018-12-22,31.607,30.1525,30.98925,1.4545,13.77,13.27,13.455,0.5
"648",2018-12-23,31.603,30.107,31.029,1.496,13.7,13.26,13.46,0.44
"649",2018-12-24,31.575,30.1855,30.9905,1.3895,13.68,13.305,13.4825,0.375
"650",2018-12-25,31.5595,30.1215,30.9585,1.438,13.67,13.265,13.36,0.404999999999999
"651",2018-12-26,31.347,31.347,31.347,0,13.62,13.62,13.62,0
"652",2018-12-27,31.392,30.121,30.81,1.271,13.57,13.16,13.305,0.41
"653",2018-12-28,31.1295,29.786,30.58275,1.3435,13.375,12.73,12.965,0.645
"654",2018-12-29,31.4145,30.1905,31.081,1.224,13.33,12.75,13.11,0.58
"655",2018-12-30,31.3125,30.1215,31.135,1.191,13.29,12.65,13.02,0.639999999999999
"656",2018-12-31,31.1315,30.322,30.9325,0.8095,13.11,12.52,12.79,0.59
"657",2019-01-01,31.926,29.5975,30.3885,2.3285,12.77,12.02,12.325,0.75
"658",2019-01-02,31.658,29.958,31.187,1.7,12.435,12.15,12.265,0.285
"659",2019-01-03,31.468,30.2625,31,1.2055,12.16,11.825,12.05,0.335000000000001
"660",2019-01-04,31.588,30.2295,30.9595,1.3585,12.17,11.695,11.885,0.475
"661",2019-01-05,31.7505,30.3855,31.1635,1.365,12.06,11.81,11.88,0.25
"662",2019-01-06,31.721,30.608,31.3485,1.113,11.95,11.73,11.795,0.219999999999999
"663",2019-01-07,31.727,30.6075,31.36175,1.1195,11.98,11.71,11.82,0.27
"664",2019-01-08,31.7105,29.653,30.9995,2.0575,11.975,11.54,11.785,0.435
"665",2019-01-09,32.008,29.9255,31.152,2.0825,12.19,11.6,11.9,0.59
"666",2019-01-10,32.0375,29.874,31.093,2.1635,12.21,11.65,11.93,0.56
"667",2019-01-11,31.61,28.729,30.69425,2.881,12.13,11.53,11.9425,0.600000000000001
"668",2019-01-12,31.346,28.0505,30.501,3.2955,12.33,11.59,11.995,0.74
"669",2019-01-13,31.6015,27.2425,30.7165,4.359,12.185,11.55,12.02,0.635
"670",2019-01-14,30.8005,26.574,29.278,4.2265,12.07,11.41,11.96,0.66
"671",2019-01-15,31.742,28.059,31.306,3.683,12.31,11.56,12.21,0.75
"672",2019-01-16,31.624,26.928,30.9855,4.696,12.32,11.555,12.17,0.765000000000001
"673",2019-01-17,31.7785,29.5995,30.648,2.179,12.695,12.065,12.15,0.630000000000001
"674",2019-01-18,31.689,28.92,30.57,2.769,12.88,12.03,12.39,0.850000000000001
"675",2019-01-19,31.0815,27.671,30.085,3.4105,12.895,12.01,12.4725,0.885
"676",2019-01-20,30.7615,27.2705,29.797,3.491,12.86,12.17,12.575,0.69
"677",2019-01-21,30.653,27.5125,29.422,3.1405,12.85,12.25,12.495,0.6
"678",2019-01-22,30.288,26.9775,28.847,3.3105,12.82,12.26,12.47,0.56
"679",2019-01-23,30.2555,26.2445,29.235,4.011,12.81,12.2,12.52,0.610000000000001
"680",2019-01-24,30.113,25.754,28.9655,4.359,12.82,12.21,12.57,0.609999999999999
"681",2019-01-25,30.1525,25.4665,28.55525,4.686,12.82,12.215,12.58,0.605
"682",2019-01-26,29.8595,25.27,29.067,4.5895,12.83,12.24,12.69,0.59
"683",2019-01-27,29.5675,23.034,27.313,6.5335,12.77,12.16,12.625,0.609999999999999
"684",2019-01-28,30.128,24.199,28.77525,5.929,13,12.34,12.75,0.66
"685",2019-01-29,30.084,24.501,28.4725,5.583,13.025,12.42,12.78,0.605
"686",2019-01-30,30.046,24.3925,28.712,5.6535,13.47,12.63,12.8225,0.84
"687",2019-01-31,30.0265,24.9105,28.673,5.116,13.32,12.79,12.9,0.530000000000001
"688",2019-02-01,29.8595,24.9265,28.71475,4.933,13.1,12.83,12.97,0.27
"689",2019-02-02,29.537,26.369,29.1515,3.168,13.065,12.85,12.97,0.215
"690",2019-02-03,30.5075,27.083,29.202,3.4245,13.12,12.81,12.965,0.309999999999999
"691",2019-02-04,29.958,26.444,28.82,3.514,13.04,12.75,12.92,0.289999999999999
"692",2019-02-05,29.7555,26.2485,28.216,3.507,12.93,12.475,12.71,0.455
"693",2019-02-06,30.123,25.18,28.09025,4.943,12.94,12.27,12.635,0.67
"694",2019-02-07,30.3855,23.6385,27.88775,6.747,12.91,12.195,12.48,0.715
"695",2019-02-08,30.2205,23.219,28.7215,7.0015,12.825,11.95,12.6075,0.875
"696",2019-02-09,30.1825,20.815,28.3765,9.3675,12.625,11.675,12.505,0.949999999999999
"697",2019-02-10,30.233,21.5325,26.481,8.7005,12.605,11.69,12.075,0.915000000000001
"698",2019-02-11,29.3505,21.159,23.831,8.1915,12.4,11.54,11.9,0.860000000000001
"699",2019-02-12,29.001,18.6745,23.063,10.3265,12.36,11.15,11.825,1.21
"700",2019-02-13,30.604,19.7225,23.74575,10.8815,12.53,11.075,11.6675,1.455
"701",2019-02-14,31.142,20.6365,26.186,10.5055,12.43,11.27,11.975,1.16
"702",2019-02-15,29.1775,22.1445,26.802,7.033,12.34,11.75,12.12,0.59
"703",2019-02-16,27.814,22.424,26.0535,5.39,12.37,11.59,11.9425,0.779999999999999
"704",2019-02-17,29.2225,21.463,26.12475,7.7595,12.47,11.39,12.025,1.08
"705",2019-02-18,28.9725,19.201,24.6755,9.7715,12.43,10.77,11.8075,1.66
"706",2019-02-19,29.0685,19.14,25.604,9.9285,12.55,11.22,11.92,1.33
"707",2019-02-20,29.1145,18.865,26.069,10.2495,12.565,11.125,11.96,1.44
"708",2019-02-21,29.9715,19.084,24.7735,10.8875,12.33,11.295,11.845,1.035
"709",2019-02-22,28.7315,18.421,24.806,10.3105,12.295,11.05,11.6125,1.245
"710",2019-02-23,29.0095,19.455,26.39975,9.5545,12.19,11.005,11.79,1.185
"711",2019-02-24,28.728,17.213,26.696,11.515,12.09,10.94,11.91,1.15
"712",2019-02-25,28.5295,19.163,23.8055,9.3665,12.075,11.09,11.615,0.984999999999999
"713",2019-02-26,30.527,21.21,26.3085,9.317,12.19,11.42,11.83,0.77
"714",2019-02-27,30.7545,18.9095,25.42,11.845,12.22,11.485,11.7875,0.735000000000001
"715",2019-02-28,26.272,12.996,22.577,13.276,11.88,10.835,11.6075,1.045
"716",2019-03-01,26.7725,11.3285,22.12125,15.444,11.96,10.84,11.6325,1.12
"717",2019-03-02,27.902,14.474,19.81725,13.428,12.1,11.275,11.655,0.824999999999999
"718",2019-03-03,27.5215,15.6925,24.002,11.829,12.195,11.525,12.0275,0.67
"719",2019-03-04,27.9575,16.6345,23.406,11.323,12.34,11.72,12.13,0.619999999999999
"720",2019-03-05,25.7385,15.648,24.454,10.0905,12.215,11.85,12.12,0.365
"721",2019-03-06,26.0815,24.28,25.18075,1.8015,12.45,12.45,12.45,0
"722",2019-03-07,26.3675,13.527,22.26925,12.8405,12.485,11.92,12.25,0.565
"723",2019-03-08,25.722,13.0005,17.40775,12.7215,12.47,11.67,12.18,0.800000000000001
"724",2019-03-09,27.339,12.251,19.092,15.088,12.43,11.85,12.11,0.58
"725",2019-03-10,25.848,10.2415,18.2405,15.6065,12.3,11.68,12.01,0.620000000000001
"726",2019-03-11,24.2235,10.497,17.425,13.7265,12.21,11.59,12.01,0.620000000000001
"727",2019-03-12,25.682,10.3985,16.4825,15.2835,12.395,11.855,12.15,0.539999999999999
"728",2019-03-13,19.7,11.7645,12.97925,7.9355,12.3,11.38,11.83,0.92
"729",2019-03-14,18.57,8.9535,12.761,9.6165,12.36,11.54,12.025,0.82
"730",2019-03-15,21.809,10.493,15.9135,11.316,12.6,11.74,12.1625,0.859999999999999
"731",2019-03-16,28.409,12.4725,20.3735,15.9365,12.71,12.17,12.34,0.540000000000001
"732",2019-03-17,29.062,17.795,23.485,11.267,13.215,12.4,12.455,0.815
"733",2019-03-18,29.125,16.557,26.286,12.568,13.17,12.52,12.66,0.65
"734",2019-03-19,28.9775,19.778,27.2775,9.1995,13.27,12.595,12.76,0.674999999999999
"735",2019-03-20,28.7455,20.813,27.688,7.9325,13.25,12.74,12.89,0.51
"736",2019-03-21,28.7955,21.5795,27.3045,7.216,13.37,12.93,13.05,0.44
"737",2019-03-22,28.683,20.9505,27.3445,7.7325,13.39,12.97,13.15,0.42
"738",2019-03-23,28.8835,20.859,27.0705,8.0245,13.585,12.87,13.05,0.715000000000002
"739",2019-03-24,28.358,18.9415,25.10675,9.4165,13.805,12.94,13.2075,0.865
"740",2019-03-25,26.565,20.401,21.9815,6.164,13.58,13.14,13.43,0.44
"741",2019-03-26,28.2765,16.923,25.2695,11.3535,14.12,13.03,13.1825,1.09
"742",2019-03-27,27.4605,18.712,22.723,8.7485,14.4,13.12,13.4,1.28
"743",2019-03-28,26.268,17.211,22.531,9.057,14.485,13.33,13.515,1.155
"744",2019-03-29,26.996,14.057,19.185,12.939,14.45,13.395,13.61,1.055
"745",2019-03-30,27.761,15.2975,20.0985,12.4635,14.61,13.415,13.62,1.195
"746",2019-03-31,28.423,16.1025,21.48575,12.3205,14.98,13.41,13.78,1.57
"747",2019-04-01,28.2815,16.442,24.94525,11.8395,14.96,13.49,13.945,1.47
"748",2019-04-02,28.857,17.138,25.415,11.719,14.75,13.405,13.9525,1.345
"749",2019-04-03,27.6385,19.0055,25.8195,8.633,14.69,13.55,13.85,1.14
"750",2019-04-04,27.334,20.2285,26.799,7.1055,14.47,13.61,13.845,0.860000000000001
"751",2019-04-05,27.858,20.9315,26.4975,6.9265,14.34,13.705,13.89,0.635
"752",2019-04-06,27.93,20.547,26.645,7.383,14.385,13.89,14.06,0.494999999999999
"753",2019-04-07,27.3865,19.7535,25.249,7.633,14.695,14.08,14.285,0.615
"754",2019-04-08,27.709,17.866,24.458,9.843,15.105,14.28,14.4775,0.825000000000001
"755",2019-04-09,27.4005,18.1145,24.19225,9.286,15.41,14.33,14.695,1.08
"756",2019-04-10,26.387,16.9945,19.4265,9.3925,15.565,14.225,14.9975,1.34
"757",2019-04-11,27.364,16.539,21.0325,10.825,15.08,14.04,14.7725,1.04
"758",2019-04-12,26.6105,16.4255,20.531,10.185,15.16,13.66,14.2125,1.5
"759",2019-04-13,28.881,17.371,21.527,11.51,15.635,12.55,13.85,3.085
"760",2019-04-14,29.9225,18.4165,24.135,11.506,15.095,11.88,13.04,3.215
"761",2019-04-15,30.248,19.617,26.84,10.631,14.77,11.585,12.475,3.185
"762",2019-04-16,29.232,21.5325,28.267,7.6995,14.095,11.75,12.1475,2.345
"763",2019-04-17,29.172,21.3515,27.524,7.8205,14.205,11.8,12.4,2.405
"764",2019-04-18,29.913,21.6215,27.62325,8.2915,13.75,11.57,12.43,2.18
"765",2019-04-19,29.245,21.9465,27.58925,7.2985,14.03,11.89,12.6875,2.14
"766",2019-04-20,29.6025,21.8005,27.6375,7.802,14.26,11.845,12.6775,2.415
"767",2019-04-21,30.558,20.962,26.3145,9.596,14.52,11.48,13,3.04
"768",2019-04-22,29.9225,19.524,26.451,10.3985,14.89,11.58,12.99,3.31
"769",2019-04-23,30.205,19.4145,27.2855,10.7905,15.215,11.6,12.6225,3.615
"770",2019-04-24,30.5145,20.0965,25.20325,10.418,15.725,11.495,13.295,4.23
"771",2019-04-25,29.647,20.3265,25.7205,9.3205,15.4,11.915,13.155,3.485
"772",2019-04-26,30.1305,18.481,24.597,11.6495,16.165,11.56,13.29,4.605
"773",2019-04-27,30.5055,19.949,25.9335,10.5565,15.72,11.365,13.09,4.355
"774",2019-04-28,29.7205,20.3955,24.4985,9.325,15.495,11.85,13.615,3.645
"775",2019-04-29,30.054,20.53,26.749,9.524,15.725,12.085,13.57,3.64
"776",2019-04-30,30.498,21.861,25.5765,8.637,15.165,12.38,13.7275,2.785
"777",2019-05-01,30.5095,20.9785,26.67575,9.531,15.28,12.68,13.99,2.6
"778",2019-05-02,29.795,21.5835,27.95325,8.2115,15.315,12.96,13.33,2.355
"779",2019-05-03,30.226,23.1125,28.586,7.1135,15.02,12.985,13.55,2.035
"780",2019-05-04,30.267,23.888,28.20975,6.379,14.805,13.13,13.865,1.675
"781",2019-05-05,30.542,24.5015,28.2575,6.0405,14.725,13.12,13.83,1.605
"782",2019-05-06,30.27,24.481,28.1855,5.789,14.93,13.14,13.93,1.79
"783",2019-05-07,30.013,24.526,28.1825,5.487,15.04,13.265,13.875,1.775
"784",2019-05-08,30.501,24.0035,28.1055,6.4975,15.23,13.32,13.89,1.91
"785",2019-05-09,30.3595,24.8875,28.775,5.472,15.35,13.555,14.055,1.795
"786",2019-05-10,30.474,24.2265,28.305,6.2475,15.675,13.81,14.19,1.865
"787",2019-05-11,30.5545,22.926,28.31,7.6285,16.11,13.88,14.245,2.23
"788",2019-05-12,30.418,22.831,28.37925,7.587,16.06,13.95,14.33,2.11
"789",2019-05-13,30.482,22.3535,28.193,8.1285,16.34,13.89,14.3825,2.45
"790",2019-05-14,30.686,24.851,28.58675,5.835,15.45,13.85,14.355,1.6
"791",2019-05-15,30.2445,23.5515,29.4155,6.693,15.845,13.86,14.16,1.985
"792",2019-05-16,29.816,26.0055,28.701,3.8105,14.95,13.84,14.21,1.11
"793",2019-05-17,28.98,24.485,28.42525,4.495,15.09,13.975,14.55,1.115
"794",2019-05-18,29.834,24.5215,28.3065,5.3125,15.195,13.985,14.2,1.21
"795",2019-05-19,28.677,28.672,28.672,0.00499999999999901,14.22,14.22,14.22,0
"796",2019-05-20,28.774,25.52,27.35125,3.254,14.885,14.175,14.59,0.709999999999999
"797",2019-05-21,29.7115,23.6475,27.5915,6.064,15.455,13.93,14.535,1.525
"798",2019-05-22,29.034,23.9535,27.247,5.0805,15.705,14.16,14.595,1.545
"799",2019-05-23,29.424,23.8915,27.7425,5.5325,15.84,14.07,14.58,1.77
"800",2019-05-24,31.0325,21.968,27.93275,9.0645,16.2,13.84,14.475,2.36
"801",2019-05-25,29.4,20.977,27.68775,8.423,16.06,14.115,14.545,1.945
"802",2019-05-26,29.838,20.082,27.369,9.756,15.93,14.015,14.565,1.915
"803",2019-05-27,29.431,17.9285,22.7015,11.5025,16.065,14.05,14.88,2.015
"804",2019-05-28,30.2145,19.2945,23.21825,10.92,16.54,13.44,15.0825,3.1
"805",2019-05-29,29.7365,19.869,26.124,9.8675,16.3,13.4,14.315,2.9
"806",2019-05-30,30.5845,21.849,26.28725,8.7355,15.965,12.84,14.5575,3.125
"807",2019-05-31,30.2605,24.379,28.64775,5.8815,15.14,12.815,13.5125,2.325
"808",2019-06-01,30.459,25.5325,28.8705,4.9265,14.61,12.52,13.465,2.09
"809",2019-06-02,30.774,24.445,29.28725,6.329,15.165,12.32,13.165,2.845
"810",2019-06-03,30.188,25.198,28.848,4.99,14.94,12.895,13.5525,2.045
"811",2019-06-04,30.4735,24.4675,28.12325,6.006,15.54,12.96,13.8,2.58
"812",2019-06-05,30.85,24.147,28.364,6.703,15.975,13.035,14.055,2.94
"813",2019-06-06,30.754,24.4975,28.8675,6.2565,16.035,13.12,13.865,2.915
"814",2019-06-07,30.07,24.045,28.178,6.025,16.425,13.215,14.1,3.21
"815",2019-06-08,30.248,22.902,28.05475,7.346,16.825,12.87,14.19,3.955
"816",2019-06-09,29.8455,22.4275,27.81975,7.418,17.26,12.74,13.85,4.52
"817",2019-06-10,29.6925,21.508,27.39975,8.1845,17.635,12.885,14.235,4.75
"818",2019-06-11,29.9075,21.525,26.92,8.3825,18.26,12.925,14.6775,5.335
"819",2019-06-12,29.777,24.311,28.89925,5.466,16.32,13.095,13.84,3.225
"820",2019-06-13,30.4525,25.387,29.2415,5.0655,16.5,12.89,13.6725,3.61
"821",2019-06-14,30.522,25.704,29.465,4.818,15.8,13.475,14.205,2.325
"822",2019-06-15,30.7325,25.622,28.86575,5.1105,15.99,13.7,14.2425,2.29
"823",2019-06-16,30.904,25.7425,29.0975,5.1615,15.975,13.16,14.28,2.815
"824",2019-06-17,30.602,26.001,29.08375,4.601,16.025,13.17,14.165,2.855
"825",2019-06-18,30.793,26.08,29.5375,4.713,16.05,13.43,14.26,2.62
"826",2019-06-19,30.7225,26.0905,29.2725,4.632,16.35,14.02,14.595,2.33
"827",2019-06-20,31.0765,26.145,29.37225,4.9315,16.895,14.26,14.8125,2.635
"828",2019-06-21,31.2645,26.6165,29.3985,4.648,16.89,14.52,15.045,2.37
"829",2019-06-22,30.8735,26.312,29.485,4.5615,17.38,14.85,15.3075,2.53
"830",2019-06-23,30.635,24.521,29.187,6.114,17.685,15.05,15.68,2.635
"831",2019-06-24,31.649,24.8055,28.44125,6.8435,17.945,14.84,16.065,3.105
"832",2019-06-25,31.342,25.399,28.4455,5.943,17.84,14.89,16.0675,2.95
"833",2019-06-26,31.5765,23.585,27.616,7.9915,18.44,15.14,16.435,3.3
"834",2019-06-27,31.087,24.797,27.994,6.29,17.685,15.44,16.58,2.245
"835",2019-06-28,30.697,25.204,29.5555,5.493,17.515,15.66,16.09,1.855
"836",2019-06-29,31.53,26.774,29.9265,4.756,17.035,15.15,15.945,1.885
"837",2019-06-30,31.341,27.0175,30.3265,4.3235,17.03,14.77,15.35,2.26
"838",2019-07-01,31.076,27.165,30.513,3.911,17.02,14.64,15.185,2.38
"839",2019-07-02,31.076,27.373,30.17675,3.703,17.05,14.44,15.27,2.61
"840",2019-07-03,31.348,27.821,30.11575,3.527,16.94,13.99,15.0175,2.95
"841",2019-07-04,31.3405,27.778,30.208,3.5625,16.83,13.845,14.8925,2.985
"842",2019-07-05,31.226,28.033,30.1625,3.193,16.7,13.69,14.93,3.01
"843",2019-07-06,31.0855,28.349,30.63025,2.7365,16.68,13.78,14.4175,2.9
"844",2019-07-07,31.0325,28.642,30.50025,2.3905,16.525,13.89,14.655,2.635
"845",2019-07-08,30.8145,28.687,30.4555,2.1275,16.29,14.15,14.66,2.14
"846",2019-07-09,30.787,28.65,30.297,2.137,16.205,14.2,14.5225,2.005
"847",2019-07-10,30.9655,29.0835,30.19125,1.882,15.865,13.99,14.725,1.875
"848",2019-07-11,30.847,28.518,29.752,2.329,15.91,14.06,14.93,1.85
"849",2019-07-12,30.4135,28.064,29.3035,2.3495,16.05,14.02,14.97,2.03
"850",2019-07-13,30.3005,27.8195,29.36,2.481,16.225,13.805,14.77,2.42
"851",2019-07-14,30.079,27.7135,29.1765,2.3655,15.99,13.61,14.71,2.38
"852",2019-07-15,29.274,26.363,28.4705,2.911,16.33,13.49,14.805,2.84
"853",2019-07-16,27.6315,25.764,27.131,1.8675,16.17,13.73,14.71,2.44
"854",2019-07-17,27.618,25.721,27.1255,1.897,16.53,13.8,14.47,2.73
"855",2019-07-18,27.803,25.926,27.068,1.877,16.2,13.725,14.81,2.475
"856",2019-07-19,27.8035,26.222,27.25475,1.5815,16.23,14.11,14.75,2.12
"857",2019-07-20,27.9725,26.186,27.3065,1.7865,16.495,14.25,14.83,2.245
"858",2019-07-21,27.871,26.272,27.4035,1.599,16.505,14.715,15.015,1.79
"859",2019-07-22,27.8545,25.711,27.382,2.1435,17.01,15.03,15.285,1.98
"860",2019-07-23,27.943,26.026,27.292,1.917,17.12,15.235,15.57,1.885
"861",2019-07-24,28.0265,26.014,26.9425,2.0125,17.795,15.32,15.86,2.475
"862",2019-07-25,28.091,26.246,26.6425,1.845,17.315,15.345,16.43,1.97
"863",2019-07-26,28.3465,26.513,27.611,1.8335,16.775,15.09,15.77,1.685
"864",2019-07-27,28.272,26.4225,27.546,1.8495,16.81,15.16,15.98,1.65
"865",2019-07-28,28.447,26.3185,27.764,2.1285,16.86,15.065,15.825,1.795
"866",2019-07-29,28.35,26.063,27.7925,2.287,17.26,15,15.74,2.26
"867",2019-07-30,28.281,26.4385,27.6285,1.8425,16.96,15.21,16.0025,1.75
"868",2019-07-31,28.038,26.271,27.554,1.767,17.28,15.42,16.085,1.86
"869",2019-08-01,28.1695,26.331,27.636,1.8385,17.32,15.24,15.965,2.08
"870",2019-08-02,28.104,26.313,27.64325,1.791,17.515,15.47,16.035,2.045
"871",2019-08-03,27.998,26.7215,27.67875,1.2765,17.415,15.605,16.17,1.81
"872",2019-08-04,28.004,26.722,27.738,1.282,17.37,15.52,16.2775,1.85
"873",2019-08-05,27.9495,26.907,27.747,1.0425,17.275,15.54,16.07,1.735
"874",2019-08-06,27.886,27.1875,27.778,0.698499999999999,16.88,15.52,15.815,1.36
"875",2019-08-07,27.918,27.1985,27.809,0.7195,16.49,15.51,15.74,0.979999999999999
"876",2019-08-08,28.021,27.328,27.7805,0.693000000000001,16.805,15.32,15.795,1.485
"877",2019-08-09,27.946,26.939,27.5715,1.007,16.79,15.5,16.03,1.29
"878",2019-08-10,28.07,26.74,27.4445,1.33,17.24,15.28,16.335,1.96
"879",2019-08-11,28.0305,26.634,27.474,1.3965,17.285,15.25,16.38,2.035
"880",2019-08-12,28.059,26.571,27.5995,1.488,17.485,15.135,16.175,2.35
"881",2019-08-13,28.106,26.5015,27.5695,1.6045,17.68,14.97,16.21,2.71
"882",2019-08-14,28.054,26.463,27.5485,1.591,17.85,15.03,16.135,2.82
"883",2019-08-15,28.095,26.514,27.6685,1.581,17.855,14.93,16.1175,2.925
"884",2019-08-16,28.1025,26.575,27.6235,1.5275,17.805,14.92,16.055,2.885
"885",2019-08-17,28.1325,26.76,27.64475,1.3725,17.48,15.185,16.03,2.295
"886",2019-08-18,28.176,27.004,27.7715,1.172,17.3,15.59,16.0275,1.71
"887",2019-08-19,28.207,26.959,27.84175,1.248,17.32,15.91,16.26,1.41
"888",2019-08-20,28.105,26.748,27.918,1.357,17.77,16.18,16.3675,1.59
"889",2019-08-21,28.0035,26.645,27.72975,1.3585,18.025,16.43,16.61,1.595
"890",2019-08-22,27.996,26.521,27.4595,1.475,18.2,16.61,16.85,1.59
"891",2019-08-23,27.967,26.4435,27.7605,1.5235,17.825,16.53,16.7975,1.295
"892",2019-08-24,28.2065,26.672,27.78375,1.5345,18.01,16.33,16.8,1.68
"893",2019-08-25,28.155,26.386,27.46275,1.769,18.115,16.52,17.14,1.595
"894",2019-08-26,28.1935,26.227,27.50875,1.9665,18.27,16.44,17.2525,1.83
"895",2019-08-27,28.132,26.251,27.4295,1.881,18.31,16.47,17.385,1.84
"896",2019-08-28,28.057,26.445,27.53275,1.612,18.225,16.5,17.17,1.725
"897",2019-08-29,27.9625,26.507,27.4805,1.4555,18.295,16.535,17.265,1.76
"898",2019-08-30,27.84,26.3795,27.39575,1.4605,18.51,16.73,17.5375,1.78
"899",2019-08-31,27.7345,26.492,27.391,1.2425,18.53,16.725,17.47,1.805
"900",2019-09-01,27.6665,26.5485,27.427,1.118,18.55,16.775,17.42,1.775
"901",2019-09-02,27.6845,26.747,27.5025,0.9375,18.25,16.87,17.2,1.38
"902",2019-09-03,27.651,26.753,27.485,0.898,18.04,16.89,17.125,1.15
"903",2019-09-04,27.703,26.6565,27.5,1.0465,18.08,16.63,17,1.45
"904",2019-09-05,27.937,26.771,27.463,1.166,17.795,16.17,16.77,1.625
"905",2019-09-06,27.9925,26.591,27.38525,1.4015,17.99,15.96,16.815,2.03
"906",2019-09-07,27.9405,26.346,27.488,1.5945,17.99,15.92,16.59,2.07
"907",2019-09-08,28.138,26.483,27.62825,1.655,17.795,15.65,16.525,2.145
"908",2019-09-09,28.093,27.3245,27.99875,0.7685,17.24,15.64,15.79,1.6
"909",2019-09-10,28.2325,26.6455,27.6495,1.587,17.52,15.14,16.14,2.38
"910",2019-09-11,28.078,26.486,27.7965,1.592,17.625,15.3,16.2225,2.325
"911",2019-09-12,28.1935,26.4555,27.5435,1.738,17.77,14.94,16.2175,2.83
"912",2019-09-13,28.0725,26.4435,27.61575,1.629,17.72,15.07,16.0425,2.65
"913",2019-09-14,27.9805,26.442,27.556,1.5385,17.465,15.175,16.09,2.29
"914",2019-09-15,27.965,26.6845,27.64,1.2805,16.985,15.14,15.84,1.845
"915",2019-09-16,27.909,27.0245,27.6885,0.884499999999999,16.55,15.24,15.72,1.31
"916",2019-09-17,27.8135,26.61,27.5415,1.2035,16.86,15.505,15.7375,1.355
"917",2019-09-18,27.892,26.678,27.5115,1.214,16.76,15.41,15.79,1.35
"918",2019-09-19,27.8845,26.395,27.399,1.4895,17.11,15.345,15.8575,1.765
"919",2019-09-20,28.162,25.589,27.32825,2.573,17.605,14.81,15.9175,2.795
"920",2019-09-21,28.107,24.652,27.3325,3.455,18.305,14.76,15.91,3.545
"921",2019-09-22,28.382,24.876,27.40075,3.506,18.18,14.35,15.595,3.83
"922",2019-09-23,28.569,25.392,27.3655,3.177,17.73,13.89,15.5225,3.84
"923",2019-09-24,28.2225,25.357,27.352,2.8655,17.77,14.15,15.475,3.62
"924",2019-09-25,28.038,25.9845,27.51125,2.0535,17.16,14.4,15.49,2.76
"925",2019-09-26,27.9695,26.135,27.3,1.8345,17.12,14.58,15.675,2.54
"926",2019-09-27,27.857,26.273,27.198,1.584,17.105,14.92,15.89,2.185
"927",2019-09-28,27.688,27.0245,27.587,0.663499999999999,16.09,15.25,15.44,0.84
"928",2019-09-30,27.527,27.4085,27.44625,0.118500000000001,15.51,15.38,15.49,0.129999999999999
"929",2019-10-01,27.66,26.6565,27.432,1.0035,16.325,15.095,15.36,1.23
"930",2019-10-02,27.7005,26.556,27.4475,1.1445,16.36,14.96,15.1325,1.4
"931",2019-10-03,27.89,26.587,27.357,1.303,16.03,14.505,15.1375,1.525
"932",2019-10-04,28.1005,26.514,27.283,1.5865,16.01,14.165,15.07,1.845
"933",2019-10-05,28.1135,25.923,27.41175,2.1905,16.2,13.98,14.96,2.22
"934",2019-10-06,28.252,26.072,27.5095,2.18,16.04,13.67,14.5,2.37
"935",2019-10-07,28.2615,25.6765,27.462,2.585,16.12,13.55,14.6,2.57
"936",2019-10-08,27.9685,25.679,27.3525,2.2895,15.89,13.77,14.5525,2.12
"937",2019-10-09,27.862,26.059,27.29925,1.803,15.55,13.835,14.64,1.715
"938",2019-10-10,28.039,26.036,27.508,2.003,15.42,13.435,14.215,1.985
"939",2019-10-11,27.8615,25.926,27.52,1.9355,15.38,13.43,14.16,1.95
"940",2019-10-12,27.7365,26.169,27.4155,1.5675,14.99,13.51,14.1,1.48
"941",2019-10-13,27.5875,26.498,27.3915,1.0895,14.725,13.73,14.0025,0.994999999999999
"942",2019-10-14,27.6035,26.53,27.394,1.0735,14.65,13.81,14.03,0.84
"943",2019-10-15,27.613,26.1435,27.2485,1.4695,14.925,13.88,14.0725,1.045
"944",2019-10-16,27.79,26.011,27.1115,1.779,15,13.59,14.05,1.41
"945",2019-10-17,27.6005,26.208,27.192,1.3925,14.89,13.705,14.03,1.185
"946",2019-10-18,27.8065,26.187,27.124,1.6195,14.9,13.485,14.025,1.415
"947",2019-10-19,27.875,26.1605,27.02775,1.7145,14.93,13.29,14.12,1.64
"948",2019-10-20,27.9495,26.124,27.194,1.8255,14.9,13.19,13.9,1.71
"949",2019-10-21,28.0335,25.562,27.28675,2.4715,15.185,13.08,13.82,2.105
"950",2019-10-22,27.9415,25.463,27.44225,2.4785,15.26,13.075,13.64,2.185
"951",2019-10-23,27.975,25.721,27.41975,2.254,14.9,13.045,13.6875,1.855
"952",2019-10-24,27.8175,25.984,27.47975,1.8335,14.785,13.1,13.835,1.685
"953",2019-10-25,27.758,26.081,27.30825,1.677,14.68,13.175,13.765,1.505
"954",2019-10-26,27.4375,26.217,27.353,1.2205,14.465,13.48,13.865,0.984999999999999
"955",2019-10-27,27.3515,26.468,27.105,0.883500000000002,14.495,13.35,13.8625,1.145
"956",2019-10-31,27.646,27.1535,27.482,0.4925,13.57,12.98,13.1475,0.59
"957",2019-11-01,27.7075,26.323,27.077,1.3845,14.025,12.9,13.27,1.125
"958",2019-11-02,27.728,26.3305,26.99875,1.3975,13.855,12.8,13.2425,1.055
"959",2019-11-03,27.75,25.728,27.155,2.022,13.85,12.72,13.1125,1.13
"960",2019-11-04,27.783,25.537,27.274,2.246,13.75,12.635,13.01,1.115
"961",2019-11-05,27.897,25.183,27.418,2.714,13.77,12.56,12.88,1.21
"962",2019-11-06,27.9185,25.3745,27.421,2.544,13.665,12.52,12.875,1.145
"963",2019-11-07,27.8905,25.667,27.5015,2.2235,13.475,12.52,12.8,0.955
"964",2019-11-08,27.741,26.23,27.5485,1.511,13.28,12.59,12.71,0.69
"965",2019-11-09,27.642,26.489,27.46725,1.153,13.13,12.59,12.77,0.540000000000001
"966",2019-11-10,27.598,26.4735,27.312,1.1245,13.09,12.71,12.83,0.379999999999999
"967",2019-11-11,27.645,26.376,27.312,1.269,13.16,12.76,12.835,0.4
"968",2019-11-12,27.6775,26.321,27.242,1.3565,13.275,12.8,12.8775,0.475
"969",2019-11-13,27.708,26.42,27.203,1.288,13.32,12.79,12.95,0.530000000000001
"970",2019-11-14,27.753,26.571,27.2355,1.182,13.325,12.78,12.98,0.545
"971",2019-11-15,27.7525,26.469,27.243,1.2835,13.46,12.79,13.005,0.670000000000002
"972",2019-11-16,27.74,26.456,27.231,1.284,13.41,12.92,13.08,0.49
"973",2019-11-17,27.865,26.449,27.1855,1.416,13.45,12.88,13.14,0.569999999999999
"974",2019-11-18,27.902,26.462,27.2835,1.44,13.47,12.9,13.18,0.57
"975",2019-11-19,27.8725,26.292,27.40275,1.5805,13.61,12.95,13.21,0.66
"976",2019-11-20,27.7745,26.3715,27.384,1.403,13.51,13.02,13.21,0.49
"977",2019-11-21,27.791,26.625,27.4675,1.166,13.46,12.87,13.14,0.590000000000002
"978",2019-11-22,27.7415,26.6755,27.5245,1.066,13.545,12.95,13.105,0.595000000000001
"979",2019-11-23,27.543,26.67,27.4475,0.872999999999998,13.51,12.95,13.13,0.56
"980",2019-11-24,27.638,26.572,27.32025,1.066,13.455,13.04,13.12,0.415000000000001
"981",2019-11-25,27.575,26.688,27.2245,0.887,13.39,13.04,13.14,0.350000000000001
"982",2019-11-26,27.642,26.5235,26.989,1.1185,13.365,12.66,13.0425,0.705
"983",2019-11-27,27.7275,26.3145,27.133,1.413,13.22,12.52,12.645,0.700000000000001
"984",2019-11-28,27.71,26.578,27.3295,1.132,12.865,12.29,12.47,0.575000000000001
"985",2019-11-29,27.747,26.521,27.3345,1.226,12.64,12.17,12.26,0.470000000000001
"986",2019-11-30,27.747,26.5985,27.282,1.1485,12.43,11.98,12.1325,0.449999999999999
"987",2019-12-01,27.929,26.6945,27.341,1.2345,12.105,11.86,11.9975,0.245000000000001
"988",2019-12-02,27.94,26.8035,27.501,1.1365,12.06,11.85,11.95,0.210000000000001
"989",2019-12-03,27.6795,25.159,27.2615,2.5205,12.08,11.76,11.88,0.32
"990",2019-12-04,27.6,25.0865,26.9455,2.5135,12.06,11.84,11.8725,0.220000000000001
"991",2019-12-05,27.6085,24.7035,26.9645,2.905,11.98,11.84,11.87,0.140000000000001
"992",2019-12-06,27.567,26.607,27.2785,0.960000000000001,12.03,11.87,11.935,0.16
"993",2019-12-07,28.222,26.874,27.393,1.348,12.43,11.92,11.985,0.51
"994",2019-12-08,27.9395,26.627,27.6825,1.3125,12.695,12.095,12.28,0.6
"995",2019-12-09,27.607,26.203,27.18675,1.404,12.54,12.185,12.32,0.354999999999999
"996",2019-12-10,27.3535,25.9225,26.822,1.431,12.505,12.265,12.37,0.24
"997",2019-12-11,27.3135,25.894,26.7505,1.4195,12.55,12.36,12.455,0.190000000000001
"998",2019-12-12,27.2435,25.756,26.674,1.4875,12.7,12.47,12.5325,0.229999999999999
"999",2019-12-13,27.2155,25.6655,26.5265,1.55,12.76,12.58,12.63,0.18
"1000",2019-12-14,27.207,25.682,26.57,1.525,12.825,12.57,12.665,0.254999999999999
"1001",2019-12-15,27.218,25.686,26.512,1.532,12.8,12.51,12.6,0.290000000000001
"1002",2019-12-16,27.326,25.53,26.388,1.796,12.735,12.44,12.56,0.295
"1003",2019-12-17,27.273,26.49,26.551,0.783000000000001,12.685,12.43,12.47,0.255000000000001
"1004",2019-12-18,27.3535,25.623,26.94375,1.7305,12.6,12.29,12.49,0.31
"1005",2019-12-19,27.253,25.754,26.767,1.499,12.73,12.34,12.46,0.390000000000001
"1006",2019-12-20,27.024,24.875,26.856,2.149,12.505,12.18,12.48,0.325000000000001
"1007",2019-12-21,27.3695,26.098,26.98975,1.2715,12.645,12.28,12.465,0.365
"1008",2019-12-22,27.4595,25.945,27.0815,1.5145,12.685,12.33,12.44,0.355
"1009",2019-12-23,27.499,26.1285,26.91175,1.3705,12.635,12.205,12.38,0.43
"1010",2019-12-24,27.4565,25.886,26.8765,1.5705,12.62,12.16,12.325,0.459999999999999
"1011",2019-12-25,27.5585,26.001,26.8545,1.5575,12.48,12.17,12.295,0.31
"1012",2019-12-26,27.6425,25.847,26.75475,1.7955,12.46,11.91,12.0475,0.550000000000001
"1013",2019-12-27,27.582,25.949,26.992,1.633,12.43,11.925,12.12,0.504999999999999
"1014",2019-12-28,27.491,25.886,26.77,1.605,12.365,11.9,12.08,0.465
"1015",2019-12-29,27.4085,25.937,26.8385,1.4715,12.32,11.93,12.1325,0.390000000000001
"1016",2019-12-30,27.4395,25.7375,26.706,1.702,12.33,11.895,12.055,0.435
"1017",2019-12-31,27.34,25.7135,26.82325,1.6265,12.31,11.83,12.0325,0.48
"1018",NA,NA,NA,NA,NA,NA,NA,NA,NA
